<?xml version="1.0" encoding="utf-8" standalone="yes" ?>
<rss version="2.0" xmlns:atom="http://www.w3.org/2005/Atom">
  <channel>
    <title>Examples on NoNonsense FilePicker</title>
    <link>http://spacecowboy.github.io/NoNonsense-FilePicker/example/</link>
    <description>Recent content in Examples on NoNonsense FilePicker</description>
    <generator>Hugo -- gohugo.io</generator>
    <language>en-us</language>
    <lastBuildDate>Sat, 16 Jul 2016 17:36:40 +0200</lastBuildDate>
    <atom:link href="http://spacecowboy.github.io/NoNonsense-FilePicker/example/index.xml" rel="self" type="application/rss+xml" />
    
    <item>
      <title>Standalone fragment</title>
      <link>http://spacecowboy.github.io/NoNonsense-FilePicker/example/standalone_fragment/</link>
      <pubDate>Sat, 16 Jul 2016 17:36:40 +0200</pubDate>
      
      <guid>http://spacecowboy.github.io/NoNonsense-FilePicker/example/standalone_fragment/</guid>
      <description>&lt;p&gt;To use the fragment together with an existing toolbar/action bar, a few things should be overridden.&lt;/p&gt;

&lt;p&gt;Here&amp;rsquo;s a minimal example where the toolbar is intercepted from being set as the main toolbar. The menu creation is also intercepted and populates the toolbar directly.&lt;/p&gt;
&lt;div class=&#34;highlight&#34; style=&#34;background: #f0f0f0&#34;&gt;&lt;pre style=&#34;line-height: 125%&#34;&gt;&lt;span&gt;&lt;/span&gt;&lt;span style=&#34;color: #007020; font-weight: bold&#34;&gt;public&lt;/span&gt; &lt;span style=&#34;color: #007020; font-weight: bold&#34;&gt;class&lt;/span&gt; &lt;span style=&#34;color: #0e84b5; font-weight: bold&#34;&gt;StandaloneFilePickerFragment&lt;/span&gt; &lt;span style=&#34;color: #007020; font-weight: bold&#34;&gt;extends&lt;/span&gt; FilePickerFragment &lt;span style=&#34;color: #666666&#34;&gt;{&lt;/span&gt;

    &lt;span style=&#34;color: #007020; font-weight: bold&#34;&gt;protected&lt;/span&gt; Toolbar mToolbar&lt;span style=&#34;color: #666666&#34;&gt;;&lt;/span&gt;

    &lt;span style=&#34;color: #555555; font-weight: bold&#34;&gt;@Override&lt;/span&gt;
    &lt;span style=&#34;color: #007020; font-weight: bold&#34;&gt;protected&lt;/span&gt; &lt;span style=&#34;color: #902000&#34;&gt;void&lt;/span&gt; &lt;span style=&#34;color: #06287e&#34;&gt;setupToolbar&lt;/span&gt;&lt;span style=&#34;color: #666666&#34;&gt;(&lt;/span&gt;Toolbar toolbar&lt;span style=&#34;color: #666666&#34;&gt;)&lt;/span&gt; &lt;span style=&#34;color: #666666&#34;&gt;{&lt;/span&gt;
        &lt;span style=&#34;color: #60a0b0; font-style: italic&#34;&gt;// Prevent it from being set as main toolbar by NOT calling super.setupToolbar().&lt;/span&gt;
        mToolbar &lt;span style=&#34;color: #666666&#34;&gt;=&lt;/span&gt; toolbar&lt;span style=&#34;color: #666666&#34;&gt;;&lt;/span&gt;
    &lt;span style=&#34;color: #666666&#34;&gt;}&lt;/span&gt;

    &lt;span style=&#34;color: #555555; font-weight: bold&#34;&gt;@Override&lt;/span&gt;
    &lt;span style=&#34;color: #007020; font-weight: bold&#34;&gt;public&lt;/span&gt; &lt;span style=&#34;color: #902000&#34;&gt;void&lt;/span&gt; &lt;span style=&#34;color: #06287e&#34;&gt;onCreateOptionsMenu&lt;/span&gt;&lt;span style=&#34;color: #666666&#34;&gt;(&lt;/span&gt;Menu menu&lt;span style=&#34;color: #666666&#34;&gt;,&lt;/span&gt; MenuInflater inflater&lt;span style=&#34;color: #666666&#34;&gt;)&lt;/span&gt; &lt;span style=&#34;color: #666666&#34;&gt;{&lt;/span&gt;
        &lt;span style=&#34;color: #60a0b0; font-style: italic&#34;&gt;// Populate the toolbar with the menu items instead of the action bar.&lt;/span&gt;
        mToolbar&lt;span style=&#34;color: #666666&#34;&gt;.&lt;/span&gt;&lt;span style=&#34;color: #4070a0&#34;&gt;inflateMenu&lt;/span&gt;&lt;span style=&#34;color: #666666&#34;&gt;(&lt;/span&gt;R&lt;span style=&#34;color: #666666&#34;&gt;.&lt;/span&gt;&lt;span style=&#34;color: #4070a0&#34;&gt;menu&lt;/span&gt;&lt;span style=&#34;color: #666666&#34;&gt;.&lt;/span&gt;&lt;span style=&#34;color: #4070a0&#34;&gt;picker_actions&lt;/span&gt;&lt;span style=&#34;color: #666666&#34;&gt;);&lt;/span&gt;

        &lt;span style=&#34;color: #60a0b0; font-style: italic&#34;&gt;// Set a menu listener on the toolbar with calls the regular onOptionsItemSelected method.&lt;/span&gt;
        mToolbar&lt;span style=&#34;color: #666666&#34;&gt;.&lt;/span&gt;&lt;span style=&#34;color: #4070a0&#34;&gt;setOnMenuItemClickListener&lt;/span&gt;&lt;span style=&#34;color: #666666&#34;&gt;(&lt;/span&gt;&lt;span style=&#34;color: #007020; font-weight: bold&#34;&gt;new&lt;/span&gt; Toolbar&lt;span style=&#34;color: #666666&#34;&gt;.&lt;/span&gt;&lt;span style=&#34;color: #4070a0&#34;&gt;OnMenuItemClickListener&lt;/span&gt;&lt;span style=&#34;color: #666666&#34;&gt;()&lt;/span&gt; &lt;span style=&#34;color: #666666&#34;&gt;{&lt;/span&gt;
            &lt;span style=&#34;color: #555555; font-weight: bold&#34;&gt;@Override&lt;/span&gt;
            &lt;span style=&#34;color: #007020; font-weight: bold&#34;&gt;public&lt;/span&gt; &lt;span style=&#34;color: #902000&#34;&gt;boolean&lt;/span&gt; &lt;span style=&#34;color: #06287e&#34;&gt;onMenuItemClick&lt;/span&gt;&lt;span style=&#34;color: #666666&#34;&gt;(&lt;/span&gt;MenuItem item&lt;span style=&#34;color: #666666&#34;&gt;)&lt;/span&gt; &lt;span style=&#34;color: #666666&#34;&gt;{&lt;/span&gt;
                &lt;span style=&#34;color: #007020; font-weight: bold&#34;&gt;return&lt;/span&gt; onOptionsItemSelected&lt;span style=&#34;color: #666666&#34;&gt;(&lt;/span&gt;item&lt;span style=&#34;color: #666666&#34;&gt;);&lt;/span&gt;
            &lt;span style=&#34;color: #666666&#34;&gt;}&lt;/span&gt;
        &lt;span style=&#34;color: #666666&#34;&gt;});&lt;/span&gt;

        &lt;span style=&#34;color: #60a0b0; font-style: italic&#34;&gt;// This is usually handled in onCreateOptions so do it here instead.&lt;/span&gt;
        MenuItem item &lt;span style=&#34;color: #666666&#34;&gt;=&lt;/span&gt; mToolbar&lt;span style=&#34;color: #666666&#34;&gt;.&lt;/span&gt;&lt;span style=&#34;color: #4070a0&#34;&gt;getMenu&lt;/span&gt;&lt;span style=&#34;color: #666666&#34;&gt;().&lt;/span&gt;&lt;span style=&#34;color: #4070a0&#34;&gt;findItem&lt;/span&gt;&lt;span style=&#34;color: #666666&#34;&gt;(&lt;/span&gt;com&lt;span style=&#34;color: #666666&#34;&gt;.&lt;/span&gt;&lt;span style=&#34;color: #4070a0&#34;&gt;nononsenseapps&lt;/span&gt;&lt;span style=&#34;color: #666666&#34;&gt;.&lt;/span&gt;&lt;span style=&#34;color: #4070a0&#34;&gt;filepicker&lt;/span&gt;&lt;span style=&#34;color: #666666&#34;&gt;.&lt;/span&gt;&lt;span style=&#34;color: #4070a0&#34;&gt;R&lt;/span&gt;&lt;span style=&#34;color: #666666&#34;&gt;.&lt;/span&gt;&lt;span style=&#34;color: #4070a0&#34;&gt;id&lt;/span&gt;&lt;span style=&#34;color: #666666&#34;&gt;.&lt;/span&gt;&lt;span style=&#34;color: #4070a0&#34;&gt;nnf_action_createdir&lt;/span&gt;&lt;span style=&#34;color: #666666&#34;&gt;);&lt;/span&gt;
        item&lt;span style=&#34;color: #666666&#34;&gt;.&lt;/span&gt;&lt;span style=&#34;color: #4070a0&#34;&gt;setVisible&lt;/span&gt;&lt;span style=&#34;color: #666666&#34;&gt;(&lt;/span&gt;allowCreateDir&lt;span style=&#34;color: #666666&#34;&gt;);&lt;/span&gt;
    &lt;span style=&#34;color: #666666&#34;&gt;}&lt;/span&gt;
&lt;span style=&#34;color: #666666&#34;&gt;}&lt;/span&gt;
&lt;/pre&gt;&lt;/div&gt;
</description>
    </item>
    
    <item>
      <title>Override selection behavior</title>
      <link>http://spacecowboy.github.io/NoNonsense-FilePicker/example/override_selection_behavior/</link>
      <pubDate>Sat, 16 Jul 2016 17:35:01 +0200</pubDate>
      
      <guid>http://spacecowboy.github.io/NoNonsense-FilePicker/example/override_selection_behavior/</guid>
      <description>

&lt;p&gt;New in &lt;a href=&#34;https://github.com/spacecowboy/NoNonsense-FilePicker/releases/tag/v2.4.0&#34;&gt;2.4.0&lt;/a&gt; are overridable methods to handle UI-interactions. The following methods are now available for augmentation:&lt;/p&gt;

&lt;ul&gt;
&lt;li&gt;onClickOK, handles ok button.&lt;/li&gt;
&lt;li&gt;onClickCancel, handles cancel button.&lt;/li&gt;
&lt;li&gt;onClickHeader, handles clicks on &amp;ldquo;..&amp;rdquo;.&lt;/li&gt;
&lt;li&gt;onClickDir, handles clicks on non-selectable items (usually directories).&lt;/li&gt;
&lt;li&gt;onLongClickDir, handles long clicks on non-selectable items.&lt;/li&gt;
&lt;li&gt;onClickCheckable, handles clicks on selectable items.&lt;/li&gt;
&lt;li&gt;onLongClickCheckable, handles long clicks on selectable items.&lt;/li&gt;
&lt;li&gt;onClickCheckBox, handles clicks on the checkbox of selectable items.&lt;/li&gt;
&lt;/ul&gt;

&lt;p&gt;Please see the existing implementations before you override any of them.&lt;/p&gt;

&lt;h2 id=&#34;simple-example-make-clicks-instantly-select-items&#34;&gt;Simple example, make clicks instantly select items&lt;/h2&gt;

&lt;p&gt;As asked in &lt;a href=&#34;https://github.com/spacecowboy/NoNonsense-FilePicker/issues/48&#34;&gt;#48&lt;/a&gt;, what if the picker is configured for selecting a single file and you want a click on that to instantly return the result. The default implementation will mark the item as selected, and then the user is required to press the OK button. This small change will make the operation a single click action, returning instantly once the user selects something.&lt;/p&gt;
&lt;div class=&#34;highlight&#34; style=&#34;background: #f0f0f0&#34;&gt;&lt;pre style=&#34;line-height: 125%&#34;&gt;&lt;span&gt;&lt;/span&gt;&lt;span style=&#34;color: #007020; font-weight: bold&#34;&gt;public&lt;/span&gt; &lt;span style=&#34;color: #007020; font-weight: bold&#34;&gt;class&lt;/span&gt; &lt;span style=&#34;color: #0e84b5; font-weight: bold&#34;&gt;SingleFilePickerFragment&lt;/span&gt; &lt;span style=&#34;color: #007020; font-weight: bold&#34;&gt;extends&lt;/span&gt; FilePickerFragment &lt;span style=&#34;color: #666666&#34;&gt;{&lt;/span&gt;
    &lt;span style=&#34;color: #555555; font-weight: bold&#34;&gt;@Override&lt;/span&gt;
    &lt;span style=&#34;color: #007020; font-weight: bold&#34;&gt;public&lt;/span&gt; &lt;span style=&#34;color: #902000&#34;&gt;void&lt;/span&gt; &lt;span style=&#34;color: #06287e&#34;&gt;onClickCheckable&lt;/span&gt;&lt;span style=&#34;color: #666666&#34;&gt;(&lt;/span&gt;View v&lt;span style=&#34;color: #666666&#34;&gt;,&lt;/span&gt; CheckableViewHolder vh&lt;span style=&#34;color: #666666&#34;&gt;)&lt;/span&gt; &lt;span style=&#34;color: #666666&#34;&gt;{&lt;/span&gt;
        &lt;span style=&#34;color: #007020; font-weight: bold&#34;&gt;if&lt;/span&gt; &lt;span style=&#34;color: #666666&#34;&gt;(!&lt;/span&gt;allowMultiple&lt;span style=&#34;color: #666666&#34;&gt;)&lt;/span&gt; &lt;span style=&#34;color: #666666&#34;&gt;{&lt;/span&gt;
            &lt;span style=&#34;color: #60a0b0; font-style: italic&#34;&gt;// Clear is necessary, in case user clicked some checkbox directly&lt;/span&gt;
            mCheckedItems&lt;span style=&#34;color: #666666&#34;&gt;.&lt;/span&gt;&lt;span style=&#34;color: #4070a0&#34;&gt;clear&lt;/span&gt;&lt;span style=&#34;color: #666666&#34;&gt;();&lt;/span&gt;
            mCheckedItems&lt;span style=&#34;color: #666666&#34;&gt;.&lt;/span&gt;&lt;span style=&#34;color: #4070a0&#34;&gt;add&lt;/span&gt;&lt;span style=&#34;color: #666666&#34;&gt;(&lt;/span&gt;vh&lt;span style=&#34;color: #666666&#34;&gt;.&lt;/span&gt;&lt;span style=&#34;color: #4070a0&#34;&gt;file&lt;/span&gt;&lt;span style=&#34;color: #666666&#34;&gt;);&lt;/span&gt;
            onClickOk&lt;span style=&#34;color: #666666&#34;&gt;(&lt;/span&gt;&lt;span style=&#34;color: #007020; font-weight: bold&#34;&gt;null&lt;/span&gt;&lt;span style=&#34;color: #666666&#34;&gt;);&lt;/span&gt;
        &lt;span style=&#34;color: #666666&#34;&gt;}&lt;/span&gt; &lt;span style=&#34;color: #007020; font-weight: bold&#34;&gt;else&lt;/span&gt; &lt;span style=&#34;color: #666666&#34;&gt;{&lt;/span&gt;
            &lt;span style=&#34;color: #007020; font-weight: bold&#34;&gt;super&lt;/span&gt;&lt;span style=&#34;color: #666666&#34;&gt;.&lt;/span&gt;&lt;span style=&#34;color: #4070a0&#34;&gt;onClickCheckable&lt;/span&gt;&lt;span style=&#34;color: #666666&#34;&gt;(&lt;/span&gt;v&lt;span style=&#34;color: #666666&#34;&gt;,&lt;/span&gt; vh&lt;span style=&#34;color: #666666&#34;&gt;);&lt;/span&gt;
        &lt;span style=&#34;color: #666666&#34;&gt;}&lt;/span&gt;
    &lt;span style=&#34;color: #666666&#34;&gt;}&lt;/span&gt;
&lt;span style=&#34;color: #666666&#34;&gt;}&lt;/span&gt;
&lt;/pre&gt;&lt;/div&gt;

&lt;p&gt;Now the astute reader might wonder, if my filepicker is only going to be used for selecting single files, why not just do:&lt;/p&gt;
&lt;div class=&#34;highlight&#34; style=&#34;background: #f0f0f0&#34;&gt;&lt;pre style=&#34;line-height: 125%&#34;&gt;&lt;span&gt;&lt;/span&gt;&lt;span style=&#34;color: #007020; font-weight: bold&#34;&gt;public&lt;/span&gt; &lt;span style=&#34;color: #902000&#34;&gt;void&lt;/span&gt; &lt;span style=&#34;color: #06287e&#34;&gt;onClickCheckable&lt;/span&gt;&lt;span style=&#34;color: #666666&#34;&gt;(&lt;/span&gt;View v&lt;span style=&#34;color: #666666&#34;&gt;,&lt;/span&gt; CheckableViewHolder vh&lt;span style=&#34;color: #666666&#34;&gt;)&lt;/span&gt; &lt;span style=&#34;color: #666666&#34;&gt;{&lt;/span&gt;
    &lt;span style=&#34;color: #007020; font-weight: bold&#34;&gt;super&lt;/span&gt;&lt;span style=&#34;color: #666666&#34;&gt;.&lt;/span&gt;&lt;span style=&#34;color: #4070a0&#34;&gt;onClickCheckable&lt;/span&gt;&lt;span style=&#34;color: #666666&#34;&gt;(&lt;/span&gt;v&lt;span style=&#34;color: #666666&#34;&gt;,&lt;/span&gt; vh&lt;span style=&#34;color: #666666&#34;&gt;);&lt;/span&gt;
    onClickOk&lt;span style=&#34;color: #666666&#34;&gt;(&lt;/span&gt;&lt;span style=&#34;color: #007020; font-weight: bold&#34;&gt;null&lt;/span&gt;&lt;span style=&#34;color: #666666&#34;&gt;);&lt;/span&gt;
&lt;span style=&#34;color: #666666&#34;&gt;}&lt;/span&gt;
&lt;/pre&gt;&lt;/div&gt;

&lt;p&gt;The reason is that the default implementation will animate the checkbox being selected on press. If you are closing the picker directly once the user selects something, you are basically animating something which isn&amp;rsquo;t going to be seen and thus you are wasting (not that much) resources. Better to not animate at all in that case.&lt;/p&gt;
</description>
    </item>
    
    <item>
      <title>Override the back button</title>
      <link>http://spacecowboy.github.io/NoNonsense-FilePicker/example/override_back_button/</link>
      <pubDate>Sat, 16 Jul 2016 17:33:43 +0200</pubDate>
      
      <guid>http://spacecowboy.github.io/NoNonsense-FilePicker/example/override_back_button/</guid>
      <description>

&lt;p&gt;In case you want the back button to navigate the hierarchy instead of
instantly exiting the activity, this is one approach you might take.&lt;/p&gt;

&lt;h2 id=&#34;create-an-activity-which-overrides-the-back-button-and-loads-a-custom-fragment&#34;&gt;Create an activity which overrides the back button and loads a custom fragment&lt;/h2&gt;
&lt;div class=&#34;highlight&#34; style=&#34;background: #f0f0f0&#34;&gt;&lt;pre style=&#34;line-height: 125%&#34;&gt;&lt;code&gt;&lt;span&gt;&lt;/span&gt;&lt;span style=&#34;color: #007020; font-weight: bold&#34;&gt;package&lt;/span&gt; &lt;span style=&#34;color: #0e84b5; font-weight: bold&#34;&gt;com.nononsenseapps.filepicker.examples.backbutton&lt;/span&gt;&lt;span style=&#34;color: #666666&#34;&gt;;&lt;/span&gt;

&lt;span style=&#34;color: #007020; font-weight: bold&#34;&gt;import&lt;/span&gt; &lt;span style=&#34;color: #0e84b5; font-weight: bold&#34;&gt;android.os.Environment&lt;/span&gt;&lt;span style=&#34;color: #666666&#34;&gt;;&lt;/span&gt;

&lt;span style=&#34;color: #007020; font-weight: bold&#34;&gt;import&lt;/span&gt; &lt;span style=&#34;color: #0e84b5; font-weight: bold&#34;&gt;com.nononsenseapps.filepicker.AbstractFilePickerFragment&lt;/span&gt;&lt;span style=&#34;color: #666666&#34;&gt;;&lt;/span&gt;
&lt;span style=&#34;color: #007020; font-weight: bold&#34;&gt;import&lt;/span&gt; &lt;span style=&#34;color: #0e84b5; font-weight: bold&#34;&gt;com.nononsenseapps.filepicker.FilePickerActivity&lt;/span&gt;&lt;span style=&#34;color: #666666&#34;&gt;;&lt;/span&gt;

&lt;span style=&#34;color: #007020; font-weight: bold&#34;&gt;import&lt;/span&gt; &lt;span style=&#34;color: #0e84b5; font-weight: bold&#34;&gt;java.io.File&lt;/span&gt;&lt;span style=&#34;color: #666666&#34;&gt;;&lt;/span&gt;

&lt;span style=&#34;color: #007020; font-weight: bold&#34;&gt;public&lt;/span&gt; &lt;span style=&#34;color: #007020; font-weight: bold&#34;&gt;class&lt;/span&gt; &lt;span style=&#34;color: #0e84b5; font-weight: bold&#34;&gt;BackHandlingFilePickerActivity&lt;/span&gt; &lt;span style=&#34;color: #007020; font-weight: bold&#34;&gt;extends&lt;/span&gt; FilePickerActivity &lt;span style=&#34;color: #666666&#34;&gt;{&lt;/span&gt;

    &lt;span style=&#34;color: #60a0b0; font-style: italic&#34;&gt;/**&lt;/span&gt;
&lt;span style=&#34;color: #60a0b0; font-style: italic&#34;&gt;     * Need access to the fragment&lt;/span&gt;
&lt;span style=&#34;color: #60a0b0; font-style: italic&#34;&gt;     */&lt;/span&gt;
    BackHandlingFilePickerFragment currentFragment&lt;span style=&#34;color: #666666&#34;&gt;;&lt;/span&gt;

    &lt;span style=&#34;color: #60a0b0; font-style: italic&#34;&gt;/**&lt;/span&gt;
&lt;span style=&#34;color: #60a0b0; font-style: italic&#34;&gt;     * Return a copy of the new fragment and set the variable above.&lt;/span&gt;
&lt;span style=&#34;color: #60a0b0; font-style: italic&#34;&gt;     */&lt;/span&gt;
    &lt;span style=&#34;color: #555555; font-weight: bold&#34;&gt;@Override&lt;/span&gt;
    &lt;span style=&#34;color: #007020; font-weight: bold&#34;&gt;protected&lt;/span&gt; AbstractFilePickerFragment&lt;span style=&#34;color: #666666&#34;&gt;&amp;lt;&lt;/span&gt;File&lt;span style=&#34;color: #666666&#34;&gt;&amp;gt;&lt;/span&gt; &lt;span style=&#34;color: #06287e&#34;&gt;getFragment&lt;/span&gt;&lt;span style=&#34;color: #666666&#34;&gt;(&lt;/span&gt;
            &lt;span style=&#34;color: #007020; font-weight: bold&#34;&gt;final&lt;/span&gt; String startPath&lt;span style=&#34;color: #666666&#34;&gt;,&lt;/span&gt; &lt;span style=&#34;color: #007020; font-weight: bold&#34;&gt;final&lt;/span&gt; &lt;span style=&#34;color: #902000&#34;&gt;int&lt;/span&gt; mode&lt;span style=&#34;color: #666666&#34;&gt;,&lt;/span&gt; &lt;span style=&#34;color: #007020; font-weight: bold&#34;&gt;final&lt;/span&gt; &lt;span style=&#34;color: #902000&#34;&gt;boolean&lt;/span&gt; allowMultiple&lt;span style=&#34;color: #666666&#34;&gt;,&lt;/span&gt;
            &lt;span style=&#34;color: #007020; font-weight: bold&#34;&gt;final&lt;/span&gt; &lt;span style=&#34;color: #902000&#34;&gt;boolean&lt;/span&gt; allowDirCreate&lt;span style=&#34;color: #666666&#34;&gt;,&lt;/span&gt; &lt;span style=&#34;color: #007020; font-weight: bold&#34;&gt;final&lt;/span&gt; &lt;span style=&#34;color: #902000&#34;&gt;boolean&lt;/span&gt; allowExistingFile&lt;span style=&#34;color: #666666&#34;&gt;,&lt;/span&gt;
            &lt;span style=&#34;color: #007020; font-weight: bold&#34;&gt;final&lt;/span&gt; &lt;span style=&#34;color: #902000&#34;&gt;boolean&lt;/span&gt; singleClick&lt;span style=&#34;color: #666666&#34;&gt;)&lt;/span&gt; &lt;span style=&#34;color: #666666&#34;&gt;{&lt;/span&gt;

        &lt;span style=&#34;color: #60a0b0; font-style: italic&#34;&gt;// startPath is allowed to be null.&lt;/span&gt;
        &lt;span style=&#34;color: #60a0b0; font-style: italic&#34;&gt;// In that case, default folder should be SD-card and not &amp;quot;/&amp;quot;&lt;/span&gt;
        String path &lt;span style=&#34;color: #666666&#34;&gt;=&lt;/span&gt; &lt;span style=&#34;color: #666666&#34;&gt;(&lt;/span&gt;startPath &lt;span style=&#34;color: #666666&#34;&gt;!=&lt;/span&gt; &lt;span style=&#34;color: #007020; font-weight: bold&#34;&gt;null&lt;/span&gt; &lt;span style=&#34;color: #666666&#34;&gt;?&lt;/span&gt; startPath
                &lt;span style=&#34;color: #666666&#34;&gt;:&lt;/span&gt; Environment&lt;span style=&#34;color: #666666&#34;&gt;.&lt;/span&gt;&lt;span style=&#34;color: #4070a0&#34;&gt;getExternalStorageDirectory&lt;/span&gt;&lt;span style=&#34;color: #666666&#34;&gt;().&lt;/span&gt;&lt;span style=&#34;color: #4070a0&#34;&gt;getPath&lt;/span&gt;&lt;span style=&#34;color: #666666&#34;&gt;());&lt;/span&gt;

        currentFragment &lt;span style=&#34;color: #666666&#34;&gt;=&lt;/span&gt; &lt;span style=&#34;color: #007020; font-weight: bold&#34;&gt;new&lt;/span&gt; BackHandlingFilePickerFragment&lt;span style=&#34;color: #666666&#34;&gt;();&lt;/span&gt;
        currentFragment&lt;span style=&#34;color: #666666&#34;&gt;.&lt;/span&gt;&lt;span style=&#34;color: #4070a0&#34;&gt;setArgs&lt;/span&gt;&lt;span style=&#34;color: #666666&#34;&gt;(&lt;/span&gt;path&lt;span style=&#34;color: #666666&#34;&gt;,&lt;/span&gt; mode&lt;span style=&#34;color: #666666&#34;&gt;,&lt;/span&gt; allowMultiple&lt;span style=&#34;color: #666666&#34;&gt;,&lt;/span&gt; allowDirCreate&lt;span style=&#34;color: #666666&#34;&gt;,&lt;/span&gt;
                allowExistingFile&lt;span style=&#34;color: #666666&#34;&gt;,&lt;/span&gt; singleClick&lt;span style=&#34;color: #666666&#34;&gt;);&lt;/span&gt;
        &lt;span style=&#34;color: #007020; font-weight: bold&#34;&gt;return&lt;/span&gt; currentFragment&lt;span style=&#34;color: #666666&#34;&gt;;&lt;/span&gt;
    &lt;span style=&#34;color: #666666&#34;&gt;}&lt;/span&gt;

    &lt;span style=&#34;color: #60a0b0; font-style: italic&#34;&gt;/**&lt;/span&gt;
&lt;span style=&#34;color: #60a0b0; font-style: italic&#34;&gt;     * Override the back-button.&lt;/span&gt;
&lt;span style=&#34;color: #60a0b0; font-style: italic&#34;&gt;     */&lt;/span&gt;
    &lt;span style=&#34;color: #555555; font-weight: bold&#34;&gt;@Override&lt;/span&gt;
    &lt;span style=&#34;color: #007020; font-weight: bold&#34;&gt;public&lt;/span&gt; &lt;span style=&#34;color: #902000&#34;&gt;void&lt;/span&gt; &lt;span style=&#34;color: #06287e&#34;&gt;onBackPressed&lt;/span&gt;&lt;span style=&#34;color: #666666&#34;&gt;()&lt;/span&gt; &lt;span style=&#34;color: #666666&#34;&gt;{&lt;/span&gt;
        &lt;span style=&#34;color: #60a0b0; font-style: italic&#34;&gt;// If at top most level, normal behaviour&lt;/span&gt;
        &lt;span style=&#34;color: #007020; font-weight: bold&#34;&gt;if&lt;/span&gt; &lt;span style=&#34;color: #666666&#34;&gt;(&lt;/span&gt;currentFragment&lt;span style=&#34;color: #666666&#34;&gt;.&lt;/span&gt;&lt;span style=&#34;color: #4070a0&#34;&gt;isBackTop&lt;/span&gt;&lt;span style=&#34;color: #666666&#34;&gt;())&lt;/span&gt; &lt;span style=&#34;color: #666666&#34;&gt;{&lt;/span&gt;
            &lt;span style=&#34;color: #007020; font-weight: bold&#34;&gt;super&lt;/span&gt;&lt;span style=&#34;color: #666666&#34;&gt;.&lt;/span&gt;&lt;span style=&#34;color: #4070a0&#34;&gt;onBackPressed&lt;/span&gt;&lt;span style=&#34;color: #666666&#34;&gt;();&lt;/span&gt;
        &lt;span style=&#34;color: #666666&#34;&gt;}&lt;/span&gt; &lt;span style=&#34;color: #007020; font-weight: bold&#34;&gt;else&lt;/span&gt; &lt;span style=&#34;color: #666666&#34;&gt;{&lt;/span&gt;
            &lt;span style=&#34;color: #60a0b0; font-style: italic&#34;&gt;// Else go up&lt;/span&gt;
            currentFragment&lt;span style=&#34;color: #666666&#34;&gt;.&lt;/span&gt;&lt;span style=&#34;color: #4070a0&#34;&gt;goUp&lt;/span&gt;&lt;span style=&#34;color: #666666&#34;&gt;();&lt;/span&gt;
        &lt;span style=&#34;color: #666666&#34;&gt;}&lt;/span&gt;
    &lt;span style=&#34;color: #666666&#34;&gt;}&lt;/span&gt;
&lt;span style=&#34;color: #666666&#34;&gt;}&lt;/span&gt;
&lt;/code&gt;&lt;/pre&gt;&lt;/div&gt;

&lt;h2 id=&#34;in-your-custom-fragment-implement-the-goup-and-isbacktop-methods&#34;&gt;In your custom fragment, implement the goUp and isBackTop methods&lt;/h2&gt;
&lt;div class=&#34;highlight&#34; style=&#34;background: #f0f0f0&#34;&gt;&lt;pre style=&#34;line-height: 125%&#34;&gt;&lt;code&gt;&lt;span&gt;&lt;/span&gt;&lt;span style=&#34;color: #007020; font-weight: bold&#34;&gt;package&lt;/span&gt; &lt;span style=&#34;color: #0e84b5; font-weight: bold&#34;&gt;com.nononsenseapps.filepicker.examples.backbutton&lt;/span&gt;&lt;span style=&#34;color: #666666&#34;&gt;;&lt;/span&gt;

&lt;span style=&#34;color: #007020; font-weight: bold&#34;&gt;import&lt;/span&gt; &lt;span style=&#34;color: #0e84b5; font-weight: bold&#34;&gt;com.nononsenseapps.filepicker.FilePickerFragment&lt;/span&gt;&lt;span style=&#34;color: #666666&#34;&gt;;&lt;/span&gt;

&lt;span style=&#34;color: #007020; font-weight: bold&#34;&gt;import&lt;/span&gt; &lt;span style=&#34;color: #0e84b5; font-weight: bold&#34;&gt;java.io.File&lt;/span&gt;&lt;span style=&#34;color: #666666&#34;&gt;;&lt;/span&gt;

&lt;span style=&#34;color: #007020; font-weight: bold&#34;&gt;public&lt;/span&gt; &lt;span style=&#34;color: #007020; font-weight: bold&#34;&gt;class&lt;/span&gt; &lt;span style=&#34;color: #0e84b5; font-weight: bold&#34;&gt;BackHandlingFilePickerFragment&lt;/span&gt; &lt;span style=&#34;color: #007020; font-weight: bold&#34;&gt;extends&lt;/span&gt; FilePickerFragment &lt;span style=&#34;color: #666666&#34;&gt;{&lt;/span&gt;

    &lt;span style=&#34;color: #60a0b0; font-style: italic&#34;&gt;/**&lt;/span&gt;
&lt;span style=&#34;color: #60a0b0; font-style: italic&#34;&gt;     * For consistency, the top level the back button checks against should be the start path.&lt;/span&gt;
&lt;span style=&#34;color: #60a0b0; font-style: italic&#34;&gt;     * But it will fall back on /.&lt;/span&gt;
&lt;span style=&#34;color: #60a0b0; font-style: italic&#34;&gt;     */&lt;/span&gt;
    &lt;span style=&#34;color: #007020; font-weight: bold&#34;&gt;public&lt;/span&gt; File &lt;span style=&#34;color: #06287e&#34;&gt;getBackTop&lt;/span&gt;&lt;span style=&#34;color: #666666&#34;&gt;()&lt;/span&gt; &lt;span style=&#34;color: #666666&#34;&gt;{&lt;/span&gt;
        &lt;span style=&#34;color: #007020; font-weight: bold&#34;&gt;return&lt;/span&gt; getPath&lt;span style=&#34;color: #666666&#34;&gt;(&lt;/span&gt;getArguments&lt;span style=&#34;color: #666666&#34;&gt;().&lt;/span&gt;&lt;span style=&#34;color: #4070a0&#34;&gt;getString&lt;/span&gt;&lt;span style=&#34;color: #666666&#34;&gt;(&lt;/span&gt;KEY_START_PATH&lt;span style=&#34;color: #666666&#34;&gt;,&lt;/span&gt; &lt;span style=&#34;color: #4070a0&#34;&gt;&amp;quot;/&amp;quot;&lt;/span&gt;&lt;span style=&#34;color: #666666&#34;&gt;));&lt;/span&gt;
    &lt;span style=&#34;color: #666666&#34;&gt;}&lt;/span&gt;

    &lt;span style=&#34;color: #60a0b0; font-style: italic&#34;&gt;/**&lt;/span&gt;
&lt;span style=&#34;color: #60a0b0; font-style: italic&#34;&gt;     * @return true if the current path is the startpath or /&lt;/span&gt;
&lt;span style=&#34;color: #60a0b0; font-style: italic&#34;&gt;     */&lt;/span&gt;
    &lt;span style=&#34;color: #007020; font-weight: bold&#34;&gt;public&lt;/span&gt; &lt;span style=&#34;color: #902000&#34;&gt;boolean&lt;/span&gt; &lt;span style=&#34;color: #06287e&#34;&gt;isBackTop&lt;/span&gt;&lt;span style=&#34;color: #666666&#34;&gt;()&lt;/span&gt; &lt;span style=&#34;color: #666666&#34;&gt;{&lt;/span&gt;
        &lt;span style=&#34;color: #007020; font-weight: bold&#34;&gt;return&lt;/span&gt; &lt;span style=&#34;color: #40a070&#34;&gt;0&lt;/span&gt; &lt;span style=&#34;color: #666666&#34;&gt;==&lt;/span&gt; compareFiles&lt;span style=&#34;color: #666666&#34;&gt;(&lt;/span&gt;mCurrentPath&lt;span style=&#34;color: #666666&#34;&gt;,&lt;/span&gt; getBackTop&lt;span style=&#34;color: #666666&#34;&gt;())&lt;/span&gt; &lt;span style=&#34;color: #666666&#34;&gt;||&lt;/span&gt;
                &lt;span style=&#34;color: #40a070&#34;&gt;0&lt;/span&gt; &lt;span style=&#34;color: #666666&#34;&gt;==&lt;/span&gt; compareFiles&lt;span style=&#34;color: #666666&#34;&gt;(&lt;/span&gt;mCurrentPath&lt;span style=&#34;color: #666666&#34;&gt;,&lt;/span&gt; &lt;span style=&#34;color: #007020; font-weight: bold&#34;&gt;new&lt;/span&gt; File&lt;span style=&#34;color: #666666&#34;&gt;(&lt;/span&gt;&lt;span style=&#34;color: #4070a0&#34;&gt;&amp;quot;/&amp;quot;&lt;/span&gt;&lt;span style=&#34;color: #666666&#34;&gt;));&lt;/span&gt;
    &lt;span style=&#34;color: #666666&#34;&gt;}&lt;/span&gt;

    &lt;span style=&#34;color: #60a0b0; font-style: italic&#34;&gt;/**&lt;/span&gt;
&lt;span style=&#34;color: #60a0b0; font-style: italic&#34;&gt;     * Go up on level, same as pressing on &amp;quot;..&amp;quot;.&lt;/span&gt;
&lt;span style=&#34;color: #60a0b0; font-style: italic&#34;&gt;     */&lt;/span&gt;
    &lt;span style=&#34;color: #007020; font-weight: bold&#34;&gt;public&lt;/span&gt; &lt;span style=&#34;color: #902000&#34;&gt;void&lt;/span&gt; &lt;span style=&#34;color: #06287e&#34;&gt;goUp&lt;/span&gt;&lt;span style=&#34;color: #666666&#34;&gt;()&lt;/span&gt; &lt;span style=&#34;color: #666666&#34;&gt;{&lt;/span&gt;
        mCurrentPath &lt;span style=&#34;color: #666666&#34;&gt;=&lt;/span&gt; getParent&lt;span style=&#34;color: #666666&#34;&gt;(&lt;/span&gt;mCurrentPath&lt;span style=&#34;color: #666666&#34;&gt;);&lt;/span&gt;
        mCheckedItems&lt;span style=&#34;color: #666666&#34;&gt;.&lt;/span&gt;&lt;span style=&#34;color: #4070a0&#34;&gt;clear&lt;/span&gt;&lt;span style=&#34;color: #666666&#34;&gt;();&lt;/span&gt;
        mCheckedVisibleViewHolders&lt;span style=&#34;color: #666666&#34;&gt;.&lt;/span&gt;&lt;span style=&#34;color: #4070a0&#34;&gt;clear&lt;/span&gt;&lt;span style=&#34;color: #666666&#34;&gt;();&lt;/span&gt;
        refresh&lt;span style=&#34;color: #666666&#34;&gt;(&lt;/span&gt;mCurrentPath&lt;span style=&#34;color: #666666&#34;&gt;);&lt;/span&gt;
    &lt;span style=&#34;color: #666666&#34;&gt;}&lt;/span&gt;
&lt;span style=&#34;color: #666666&#34;&gt;}&lt;/span&gt;
&lt;/code&gt;&lt;/pre&gt;&lt;/div&gt;

&lt;h2 id=&#34;example-manifest&#34;&gt;Example manifest&lt;/h2&gt;

&lt;p&gt;Make sure &lt;code&gt;android-theme&lt;/code&gt; points to the correct theme.&lt;/p&gt;
&lt;div class=&#34;highlight&#34; style=&#34;background: #f0f0f0&#34;&gt;&lt;pre style=&#34;line-height: 125%&#34;&gt;&lt;code&gt;&lt;span&gt;&lt;/span&gt;&lt;span style=&#34;color: #062873; font-weight: bold&#34;&gt;&amp;lt;manifest&lt;/span&gt; &lt;span style=&#34;color: #4070a0&#34;&gt;xmlns:android=&amp;quot;http://schemas.android.com/apk/res/android&amp;quot;&lt;/span&gt;
    &lt;span style=&#34;color: #4070a0&#34;&gt;package=&amp;quot;com.nononsenseapps.filepicker.examples&amp;quot;&lt;/span&gt;&lt;span style=&#34;color: #062873; font-weight: bold&#34;&gt;&amp;gt;&lt;/span&gt;

    &lt;span style=&#34;color: #062873; font-weight: bold&#34;&gt;&amp;lt;uses-permission&lt;/span&gt; &lt;span style=&#34;color: #4070a0&#34;&gt;android:name=&amp;quot;android.permission.READ_EXTERNAL_STORAGE&amp;quot;&lt;/span&gt; &lt;span style=&#34;color: #062873; font-weight: bold&#34;&gt;/&amp;gt;&lt;/span&gt;
    &lt;span style=&#34;color: #60a0b0; font-style: italic&#34;&gt;&amp;lt;!-- Only needed to create sub directories. --&amp;gt;&lt;/span&gt;
    &lt;span style=&#34;color: #062873; font-weight: bold&#34;&gt;&amp;lt;uses-permission&lt;/span&gt; &lt;span style=&#34;color: #4070a0&#34;&gt;android:name=&amp;quot;android.permission.WRITE_EXTERNAL_STORAGE&amp;quot;&lt;/span&gt; &lt;span style=&#34;color: #062873; font-weight: bold&#34;&gt;/&amp;gt;&lt;/span&gt;

    &lt;span style=&#34;color: #062873; font-weight: bold&#34;&gt;&amp;lt;application&lt;/span&gt;
        &lt;span style=&#34;color: #4070a0&#34;&gt;android:allowBackup=&amp;quot;true&amp;quot;&lt;/span&gt;
        &lt;span style=&#34;color: #4070a0&#34;&gt;android:icon=&amp;quot;@mipmap/ic_launcher&amp;quot;&lt;/span&gt;
        &lt;span style=&#34;color: #4070a0&#34;&gt;android:label=&amp;quot;@string/app_name&amp;quot;&lt;/span&gt;
        &lt;span style=&#34;color: #4070a0&#34;&gt;android:supportsRtl=&amp;quot;true&amp;quot;&lt;/span&gt;
        &lt;span style=&#34;color: #4070a0&#34;&gt;android:theme=&amp;quot;@style/FilePickerTheme&amp;quot;&lt;/span&gt;&lt;span style=&#34;color: #062873; font-weight: bold&#34;&gt;&amp;gt;&lt;/span&gt;

        &lt;span style=&#34;color: #062873; font-weight: bold&#34;&gt;&amp;lt;activity&lt;/span&gt;
            &lt;span style=&#34;color: #4070a0&#34;&gt;android:name=&amp;quot;.backbutton.BackHandlingFilePickerActivity&amp;quot;&lt;/span&gt;
            &lt;span style=&#34;color: #4070a0&#34;&gt;android:label=&amp;quot;Override back button&amp;quot;&lt;/span&gt;
            &lt;span style=&#34;color: #4070a0&#34;&gt;android:theme=&amp;quot;@style/FilePickerTheme&amp;quot;&lt;/span&gt;&lt;span style=&#34;color: #062873; font-weight: bold&#34;&gt;&amp;gt;&lt;/span&gt;
        &lt;span style=&#34;color: #062873; font-weight: bold&#34;&gt;&amp;lt;/activity&amp;gt;&lt;/span&gt;
    &lt;span style=&#34;color: #062873; font-weight: bold&#34;&gt;&amp;lt;/application&amp;gt;&lt;/span&gt;

&lt;span style=&#34;color: #062873; font-weight: bold&#34;&gt;&amp;lt;/manifest&amp;gt;&lt;/span&gt;
&lt;/code&gt;&lt;/pre&gt;&lt;/div&gt;
</description>
    </item>
    
    <item>
      <title>Filter based on file extension</title>
      <link>http://spacecowboy.github.io/NoNonsense-FilePicker/example/filter_file_extension/</link>
      <pubDate>Sat, 16 Jul 2016 17:32:07 +0200</pubDate>
      
      <guid>http://spacecowboy.github.io/NoNonsense-FilePicker/example/filter_file_extension/</guid>
      <description>

&lt;p&gt;By default, the SD-card picker will display all files in alphabetical order. But let&amp;rsquo;s say that your app can only handle a specific type of file, like &lt;code&gt;.txt&lt;/code&gt;-files. Here&amp;rsquo;s a minimal example which will only display such files.&lt;/p&gt;

&lt;p&gt;First, a convenience method to get the extension of files:&lt;/p&gt;
&lt;div class=&#34;highlight&#34; style=&#34;background: #f0f0f0&#34;&gt;&lt;pre style=&#34;line-height: 125%&#34;&gt;&lt;span&gt;&lt;/span&gt;    &lt;span style=&#34;color: #60a0b0; font-style: italic&#34;&gt;// File extension to filter on, including the initial dot.&lt;/span&gt;
    &lt;span style=&#34;color: #007020; font-weight: bold&#34;&gt;private&lt;/span&gt; &lt;span style=&#34;color: #007020; font-weight: bold&#34;&gt;static&lt;/span&gt; &lt;span style=&#34;color: #007020; font-weight: bold&#34;&gt;final&lt;/span&gt; String EXTENSION &lt;span style=&#34;color: #666666&#34;&gt;=&lt;/span&gt; &lt;span style=&#34;color: #4070a0&#34;&gt;&amp;quot;.txt&amp;quot;&lt;/span&gt;&lt;span style=&#34;color: #666666&#34;&gt;;&lt;/span&gt;

    &lt;span style=&#34;color: #60a0b0; font-style: italic&#34;&gt;/**&lt;/span&gt;
&lt;span style=&#34;color: #60a0b0; font-style: italic&#34;&gt;     *&lt;/span&gt;
&lt;span style=&#34;color: #60a0b0; font-style: italic&#34;&gt;     * @param file&lt;/span&gt;
&lt;span style=&#34;color: #60a0b0; font-style: italic&#34;&gt;     * @return The file extension. If file has no extension, it returns null.&lt;/span&gt;
&lt;span style=&#34;color: #60a0b0; font-style: italic&#34;&gt;     */&lt;/span&gt;
    &lt;span style=&#34;color: #007020; font-weight: bold&#34;&gt;private&lt;/span&gt; String &lt;span style=&#34;color: #06287e&#34;&gt;getExtension&lt;/span&gt;&lt;span style=&#34;color: #666666&#34;&gt;(&lt;/span&gt;&lt;span style=&#34;color: #555555; font-weight: bold&#34;&gt;@NonNull&lt;/span&gt; File file&lt;span style=&#34;color: #666666&#34;&gt;)&lt;/span&gt; &lt;span style=&#34;color: #666666&#34;&gt;{&lt;/span&gt;
        String path &lt;span style=&#34;color: #666666&#34;&gt;=&lt;/span&gt; file&lt;span style=&#34;color: #666666&#34;&gt;.&lt;/span&gt;&lt;span style=&#34;color: #4070a0&#34;&gt;getPath&lt;/span&gt;&lt;span style=&#34;color: #666666&#34;&gt;();&lt;/span&gt;
        &lt;span style=&#34;color: #902000&#34;&gt;int&lt;/span&gt; i &lt;span style=&#34;color: #666666&#34;&gt;=&lt;/span&gt; path&lt;span style=&#34;color: #666666&#34;&gt;.&lt;/span&gt;&lt;span style=&#34;color: #4070a0&#34;&gt;lastIndexOf&lt;/span&gt;&lt;span style=&#34;color: #666666&#34;&gt;(&lt;/span&gt;&lt;span style=&#34;color: #4070a0&#34;&gt;&amp;quot;.&amp;quot;&lt;/span&gt;&lt;span style=&#34;color: #666666&#34;&gt;);&lt;/span&gt;
        &lt;span style=&#34;color: #007020; font-weight: bold&#34;&gt;if&lt;/span&gt; &lt;span style=&#34;color: #666666&#34;&gt;(&lt;/span&gt;i &lt;span style=&#34;color: #666666&#34;&gt;&amp;lt;&lt;/span&gt; &lt;span style=&#34;color: #40a070&#34;&gt;0&lt;/span&gt;&lt;span style=&#34;color: #666666&#34;&gt;)&lt;/span&gt; &lt;span style=&#34;color: #666666&#34;&gt;{&lt;/span&gt;
            &lt;span style=&#34;color: #007020; font-weight: bold&#34;&gt;return&lt;/span&gt; &lt;span style=&#34;color: #007020; font-weight: bold&#34;&gt;null&lt;/span&gt;&lt;span style=&#34;color: #666666&#34;&gt;;&lt;/span&gt;
        &lt;span style=&#34;color: #666666&#34;&gt;}&lt;/span&gt; &lt;span style=&#34;color: #007020; font-weight: bold&#34;&gt;else&lt;/span&gt; &lt;span style=&#34;color: #666666&#34;&gt;{&lt;/span&gt;
            &lt;span style=&#34;color: #007020; font-weight: bold&#34;&gt;return&lt;/span&gt; path&lt;span style=&#34;color: #666666&#34;&gt;.&lt;/span&gt;&lt;span style=&#34;color: #4070a0&#34;&gt;substring&lt;/span&gt;&lt;span style=&#34;color: #666666&#34;&gt;(&lt;/span&gt;i&lt;span style=&#34;color: #666666&#34;&gt;);&lt;/span&gt;
        &lt;span style=&#34;color: #666666&#34;&gt;}&lt;/span&gt;
    &lt;span style=&#34;color: #666666&#34;&gt;}&lt;/span&gt;
&lt;/pre&gt;&lt;/div&gt;

&lt;p&gt;The decision to display files or not is done with the &lt;code&gt;isItemVisible&lt;/code&gt; method. Just add a check for the file-extension:&lt;/p&gt;
&lt;div class=&#34;highlight&#34; style=&#34;background: #f0f0f0&#34;&gt;&lt;pre style=&#34;line-height: 125%&#34;&gt;&lt;span&gt;&lt;/span&gt;    &lt;span style=&#34;color: #555555; font-weight: bold&#34;&gt;@Override&lt;/span&gt;
    &lt;span style=&#34;color: #007020; font-weight: bold&#34;&gt;protected&lt;/span&gt; &lt;span style=&#34;color: #902000&#34;&gt;boolean&lt;/span&gt; &lt;span style=&#34;color: #06287e&#34;&gt;isItemVisible&lt;/span&gt;&lt;span style=&#34;color: #666666&#34;&gt;(&lt;/span&gt;&lt;span style=&#34;color: #007020; font-weight: bold&#34;&gt;final&lt;/span&gt; File file&lt;span style=&#34;color: #666666&#34;&gt;)&lt;/span&gt; &lt;span style=&#34;color: #666666&#34;&gt;{&lt;/span&gt;
        &lt;span style=&#34;color: #60a0b0; font-style: italic&#34;&gt;// simplified behavior   (see below full code)&lt;/span&gt;
        &lt;span style=&#34;color: #60a0b0; font-style: italic&#34;&gt;// return isDir(file) || (mode == MODE_FILE || mode == MODE_FILE_AND_DIR);&lt;/span&gt;
        &lt;span style=&#34;color: #007020; font-weight: bold&#34;&gt;if&lt;/span&gt; &lt;span style=&#34;color: #666666&#34;&gt;(!&lt;/span&gt;isDir&lt;span style=&#34;color: #666666&#34;&gt;(&lt;/span&gt;file&lt;span style=&#34;color: #666666&#34;&gt;)&lt;/span&gt; &lt;span style=&#34;color: #666666&#34;&gt;&amp;amp;&amp;amp;&lt;/span&gt; &lt;span style=&#34;color: #666666&#34;&gt;(&lt;/span&gt;mode &lt;span style=&#34;color: #666666&#34;&gt;==&lt;/span&gt; MODE_FILE &lt;span style=&#34;color: #666666&#34;&gt;||&lt;/span&gt; mode &lt;span style=&#34;color: #666666&#34;&gt;==&lt;/span&gt; MODE_FILE_AND_DIR&lt;span style=&#34;color: #666666&#34;&gt;))&lt;/span&gt; &lt;span style=&#34;color: #666666&#34;&gt;{&lt;/span&gt;
            String ext &lt;span style=&#34;color: #666666&#34;&gt;=&lt;/span&gt; getExtension&lt;span style=&#34;color: #666666&#34;&gt;(&lt;/span&gt;file&lt;span style=&#34;color: #666666&#34;&gt;);&lt;/span&gt;
            &lt;span style=&#34;color: #007020; font-weight: bold&#34;&gt;return&lt;/span&gt; ext &lt;span style=&#34;color: #666666&#34;&gt;!=&lt;/span&gt; &lt;span style=&#34;color: #007020; font-weight: bold&#34;&gt;null&lt;/span&gt; &lt;span style=&#34;color: #666666&#34;&gt;&amp;amp;&amp;amp;&lt;/span&gt; EXTENSION&lt;span style=&#34;color: #666666&#34;&gt;.&lt;/span&gt;&lt;span style=&#34;color: #4070a0&#34;&gt;equalsIgnoreCase&lt;/span&gt;&lt;span style=&#34;color: #666666&#34;&gt;(&lt;/span&gt;ext&lt;span style=&#34;color: #666666&#34;&gt;);&lt;/span&gt;
        &lt;span style=&#34;color: #666666&#34;&gt;}&lt;/span&gt;
        &lt;span style=&#34;color: #007020; font-weight: bold&#34;&gt;return&lt;/span&gt; isDir&lt;span style=&#34;color: #666666&#34;&gt;(&lt;/span&gt;file&lt;span style=&#34;color: #666666&#34;&gt;);&lt;/span&gt;
    &lt;span style=&#34;color: #666666&#34;&gt;}&lt;/span&gt;
&lt;/pre&gt;&lt;/div&gt;

&lt;h3 id=&#34;before-and-after&#34;&gt;Before and After&lt;/h3&gt;

&lt;p&gt;&lt;img src=&#34;http://spacecowboy.github.io/NoNonsense-FilePicker/screenshots/filter_before.png&#34; width=&#34;30%&#34; alt=&#34;Before&#34;/&gt;
&lt;img src=&#34;http://spacecowboy.github.io/NoNonsense-FilePicker/screenshots/filter_after.png&#34; width=&#34;30%&#34; alt=&#34;After&#34;/&gt;&lt;/p&gt;

&lt;h3 id=&#34;full-fragment-code&#34;&gt;Full Fragment code&lt;/h3&gt;
&lt;div class=&#34;highlight&#34; style=&#34;background: #f0f0f0&#34;&gt;&lt;pre style=&#34;line-height: 125%&#34;&gt;&lt;span&gt;&lt;/span&gt;&lt;span style=&#34;color: #007020; font-weight: bold&#34;&gt;import&lt;/span&gt; &lt;span style=&#34;color: #0e84b5; font-weight: bold&#34;&gt;com.nononsenseapps.filepicker.FilePickerFragment&lt;/span&gt;&lt;span style=&#34;color: #666666&#34;&gt;;&lt;/span&gt;

&lt;span style=&#34;color: #007020; font-weight: bold&#34;&gt;import&lt;/span&gt; &lt;span style=&#34;color: #0e84b5; font-weight: bold&#34;&gt;java.io.File&lt;/span&gt;&lt;span style=&#34;color: #666666&#34;&gt;;&lt;/span&gt;

&lt;span style=&#34;color: #007020; font-weight: bold&#34;&gt;public&lt;/span&gt; &lt;span style=&#34;color: #007020; font-weight: bold&#34;&gt;class&lt;/span&gt; &lt;span style=&#34;color: #0e84b5; font-weight: bold&#34;&gt;FilteredFilePickerFragment&lt;/span&gt; &lt;span style=&#34;color: #007020; font-weight: bold&#34;&gt;extends&lt;/span&gt; FilePickerFragment &lt;span style=&#34;color: #666666&#34;&gt;{&lt;/span&gt;

    &lt;span style=&#34;color: #60a0b0; font-style: italic&#34;&gt;// File extension to filter on&lt;/span&gt;
    &lt;span style=&#34;color: #007020; font-weight: bold&#34;&gt;private&lt;/span&gt; &lt;span style=&#34;color: #007020; font-weight: bold&#34;&gt;static&lt;/span&gt; &lt;span style=&#34;color: #007020; font-weight: bold&#34;&gt;final&lt;/span&gt; String EXTENSION &lt;span style=&#34;color: #666666&#34;&gt;=&lt;/span&gt; &lt;span style=&#34;color: #4070a0&#34;&gt;&amp;quot;.txt&amp;quot;&lt;/span&gt;&lt;span style=&#34;color: #666666&#34;&gt;;&lt;/span&gt;

    &lt;span style=&#34;color: #60a0b0; font-style: italic&#34;&gt;/**&lt;/span&gt;
&lt;span style=&#34;color: #60a0b0; font-style: italic&#34;&gt;     *&lt;/span&gt;
&lt;span style=&#34;color: #60a0b0; font-style: italic&#34;&gt;     * @param file&lt;/span&gt;
&lt;span style=&#34;color: #60a0b0; font-style: italic&#34;&gt;     * @return The file extension. If file has no extension, it returns null.&lt;/span&gt;
&lt;span style=&#34;color: #60a0b0; font-style: italic&#34;&gt;     */&lt;/span&gt;
    &lt;span style=&#34;color: #007020; font-weight: bold&#34;&gt;private&lt;/span&gt; String &lt;span style=&#34;color: #06287e&#34;&gt;getExtension&lt;/span&gt;&lt;span style=&#34;color: #666666&#34;&gt;(&lt;/span&gt;&lt;span style=&#34;color: #555555; font-weight: bold&#34;&gt;@NonNull&lt;/span&gt; File file&lt;span style=&#34;color: #666666&#34;&gt;)&lt;/span&gt; &lt;span style=&#34;color: #666666&#34;&gt;{&lt;/span&gt;
        String path &lt;span style=&#34;color: #666666&#34;&gt;=&lt;/span&gt; file&lt;span style=&#34;color: #666666&#34;&gt;.&lt;/span&gt;&lt;span style=&#34;color: #4070a0&#34;&gt;getPath&lt;/span&gt;&lt;span style=&#34;color: #666666&#34;&gt;();&lt;/span&gt;
        &lt;span style=&#34;color: #902000&#34;&gt;int&lt;/span&gt; i &lt;span style=&#34;color: #666666&#34;&gt;=&lt;/span&gt; path&lt;span style=&#34;color: #666666&#34;&gt;.&lt;/span&gt;&lt;span style=&#34;color: #4070a0&#34;&gt;lastIndexOf&lt;/span&gt;&lt;span style=&#34;color: #666666&#34;&gt;(&lt;/span&gt;&lt;span style=&#34;color: #4070a0&#34;&gt;&amp;quot;.&amp;quot;&lt;/span&gt;&lt;span style=&#34;color: #666666&#34;&gt;);&lt;/span&gt;
        &lt;span style=&#34;color: #007020; font-weight: bold&#34;&gt;if&lt;/span&gt; &lt;span style=&#34;color: #666666&#34;&gt;(&lt;/span&gt;i &lt;span style=&#34;color: #666666&#34;&gt;&amp;lt;&lt;/span&gt; &lt;span style=&#34;color: #40a070&#34;&gt;0&lt;/span&gt;&lt;span style=&#34;color: #666666&#34;&gt;)&lt;/span&gt; &lt;span style=&#34;color: #666666&#34;&gt;{&lt;/span&gt;
            &lt;span style=&#34;color: #007020; font-weight: bold&#34;&gt;return&lt;/span&gt; &lt;span style=&#34;color: #007020; font-weight: bold&#34;&gt;null&lt;/span&gt;&lt;span style=&#34;color: #666666&#34;&gt;;&lt;/span&gt;
        &lt;span style=&#34;color: #666666&#34;&gt;}&lt;/span&gt; &lt;span style=&#34;color: #007020; font-weight: bold&#34;&gt;else&lt;/span&gt; &lt;span style=&#34;color: #666666&#34;&gt;{&lt;/span&gt;
            &lt;span style=&#34;color: #007020; font-weight: bold&#34;&gt;return&lt;/span&gt; path&lt;span style=&#34;color: #666666&#34;&gt;.&lt;/span&gt;&lt;span style=&#34;color: #4070a0&#34;&gt;substring&lt;/span&gt;&lt;span style=&#34;color: #666666&#34;&gt;(&lt;/span&gt;i&lt;span style=&#34;color: #666666&#34;&gt;);&lt;/span&gt;
        &lt;span style=&#34;color: #666666&#34;&gt;}&lt;/span&gt;
    &lt;span style=&#34;color: #666666&#34;&gt;}&lt;/span&gt;

    &lt;span style=&#34;color: #555555; font-weight: bold&#34;&gt;@Override&lt;/span&gt;
    &lt;span style=&#34;color: #007020; font-weight: bold&#34;&gt;protected&lt;/span&gt; &lt;span style=&#34;color: #902000&#34;&gt;boolean&lt;/span&gt; &lt;span style=&#34;color: #06287e&#34;&gt;isItemVisible&lt;/span&gt;&lt;span style=&#34;color: #666666&#34;&gt;(&lt;/span&gt;&lt;span style=&#34;color: #007020; font-weight: bold&#34;&gt;final&lt;/span&gt; File file&lt;span style=&#34;color: #666666&#34;&gt;)&lt;/span&gt; &lt;span style=&#34;color: #666666&#34;&gt;{&lt;/span&gt;
        &lt;span style=&#34;color: #902000&#34;&gt;boolean&lt;/span&gt; ret &lt;span style=&#34;color: #666666&#34;&gt;=&lt;/span&gt; &lt;span style=&#34;color: #007020; font-weight: bold&#34;&gt;super&lt;/span&gt;&lt;span style=&#34;color: #666666&#34;&gt;.&lt;/span&gt;&lt;span style=&#34;color: #4070a0&#34;&gt;isItemVisible&lt;/span&gt;&lt;span style=&#34;color: #666666&#34;&gt;(&lt;/span&gt;file&lt;span style=&#34;color: #666666&#34;&gt;);&lt;/span&gt;
        &lt;span style=&#34;color: #007020; font-weight: bold&#34;&gt;if&lt;/span&gt; &lt;span style=&#34;color: #666666&#34;&gt;(&lt;/span&gt;ret &lt;span style=&#34;color: #666666&#34;&gt;&amp;amp;&amp;amp;&lt;/span&gt; &lt;span style=&#34;color: #666666&#34;&gt;!&lt;/span&gt;isDir&lt;span style=&#34;color: #666666&#34;&gt;(&lt;/span&gt;file&lt;span style=&#34;color: #666666&#34;&gt;)&lt;/span&gt; &lt;span style=&#34;color: #666666&#34;&gt;&amp;amp;&amp;amp;&lt;/span&gt; &lt;span style=&#34;color: #666666&#34;&gt;(&lt;/span&gt;mode &lt;span style=&#34;color: #666666&#34;&gt;==&lt;/span&gt; MODE_FILE &lt;span style=&#34;color: #666666&#34;&gt;||&lt;/span&gt; mode &lt;span style=&#34;color: #666666&#34;&gt;==&lt;/span&gt; MODE_FILE_AND_DIR&lt;span style=&#34;color: #666666&#34;&gt;))&lt;/span&gt; &lt;span style=&#34;color: #666666&#34;&gt;{&lt;/span&gt;
            String ext &lt;span style=&#34;color: #666666&#34;&gt;=&lt;/span&gt; getExtension&lt;span style=&#34;color: #666666&#34;&gt;(&lt;/span&gt;file&lt;span style=&#34;color: #666666&#34;&gt;);&lt;/span&gt;
            &lt;span style=&#34;color: #007020; font-weight: bold&#34;&gt;return&lt;/span&gt; ext &lt;span style=&#34;color: #666666&#34;&gt;!=&lt;/span&gt; &lt;span style=&#34;color: #007020; font-weight: bold&#34;&gt;null&lt;/span&gt; &lt;span style=&#34;color: #666666&#34;&gt;&amp;amp;&amp;amp;&lt;/span&gt; EXTENSION&lt;span style=&#34;color: #666666&#34;&gt;.&lt;/span&gt;&lt;span style=&#34;color: #4070a0&#34;&gt;equalsIgnoreCase&lt;/span&gt;&lt;span style=&#34;color: #666666&#34;&gt;(&lt;/span&gt;ext&lt;span style=&#34;color: #666666&#34;&gt;);&lt;/span&gt;
        &lt;span style=&#34;color: #666666&#34;&gt;}&lt;/span&gt;
        &lt;span style=&#34;color: #007020; font-weight: bold&#34;&gt;return&lt;/span&gt; ret&lt;span style=&#34;color: #666666&#34;&gt;;&lt;/span&gt;
    &lt;span style=&#34;color: #666666&#34;&gt;}&lt;/span&gt;
&lt;span style=&#34;color: #666666&#34;&gt;}&lt;/span&gt;
&lt;/pre&gt;&lt;/div&gt;
</description>
    </item>
    
    <item>
      <title>Custom item layout</title>
      <link>http://spacecowboy.github.io/NoNonsense-FilePicker/example/custom_item_layout/</link>
      <pubDate>Sat, 16 Jul 2016 17:21:28 +0200</pubDate>
      
      <guid>http://spacecowboy.github.io/NoNonsense-FilePicker/example/custom_item_layout/</guid>
      <description>

&lt;p&gt;Say you want to browse some files which have really long names. By default, filenames will be cut if they exceed one line in width like &lt;code&gt;ThisIsAReallyLongFi...&lt;/code&gt;. What if we really wanted it show like in this image?&lt;/p&gt;

&lt;p&gt;&lt;img src=&#34;http://spacecowboy.github.io/NoNonsense-FilePicker/screenshots/itemlayout_longfilename.png&#34; alt=&#34;Example of a long filename&#34; /&gt;&lt;/p&gt;

&lt;p&gt;The behavior of the text is defined in the listitem layouts:
&lt;a href=&#34;https://github.com/spacecowboy/NoNonsense-FilePicker/blob/master/library/src/main/res/layout/nnf_filepicker_listitem_checkable.xml&#34;&gt;nnf_filepicker_listitem_checkable&lt;/a&gt;
and
&lt;a href=&#34;https://github.com/spacecowboy/NoNonsense-FilePicker/blob/master/library/src/main/res/layout/nnf_filepicker_listitem_dir.xml&#34;&gt;nnf_filepicker_listitem_dir&lt;/a&gt;.&lt;/p&gt;

&lt;p&gt;There are two kinds of layouts, one with a checkbox to allow selection, and one without a checkbox. The second one is also used for the special header item &lt;code&gt;..&lt;/code&gt; though you could of course have a special layout for that if you wanted.&lt;/p&gt;

&lt;h3 id=&#34;layouts&#34;&gt;Layouts&lt;/h3&gt;

&lt;p&gt;Let&amp;rsquo;s create some new layouts which will support longer filenames as follows:&lt;/p&gt;

&lt;p&gt;&lt;strong&gt;longer_listitem_checkable.xml&lt;/strong&gt;&lt;/p&gt;
&lt;div class=&#34;highlight&#34; style=&#34;background: #f0f0f0&#34;&gt;&lt;pre style=&#34;line-height: 125%&#34;&gt;&lt;span&gt;&lt;/span&gt;&lt;span style=&#34;color: #007020&#34;&gt;&amp;lt;?xml version=&amp;quot;1.0&amp;quot; encoding=&amp;quot;utf-8&amp;quot;?&amp;gt;&lt;/span&gt;
&lt;span style=&#34;color: #062873; font-weight: bold&#34;&gt;&amp;lt;LinearLayout&lt;/span&gt; &lt;span style=&#34;color: #4070a0&#34;&gt;xmlns:android=&amp;quot;http://schemas.android.com/apk/res/android&amp;quot;&lt;/span&gt;
    &lt;span style=&#34;color: #4070a0&#34;&gt;xmlns:tools=&amp;quot;http://schemas.android.com/tools&amp;quot;&lt;/span&gt;
    &lt;span style=&#34;color: #4070a0&#34;&gt;android:layout_width=&amp;quot;match_parent&amp;quot;&lt;/span&gt;
    &lt;span style=&#34;color: #4070a0&#34;&gt;android:layout_height=&amp;quot;wrap_content&amp;quot;&lt;/span&gt;
    &lt;span style=&#34;color: #4070a0&#34;&gt;android:background=&amp;quot;?android:selectableItemBackground&amp;quot;&lt;/span&gt;
    &lt;span style=&#34;color: #4070a0&#34;&gt;android:minHeight=&amp;quot;?android:listPreferredItemHeight&amp;quot;&lt;/span&gt;
    &lt;span style=&#34;color: #4070a0&#34;&gt;android:orientation=&amp;quot;horizontal&amp;quot;&lt;/span&gt;&lt;span style=&#34;color: #062873; font-weight: bold&#34;&gt;&amp;gt;&lt;/span&gt;


    &lt;span style=&#34;color: #60a0b0; font-style: italic&#34;&gt;&amp;lt;!--suppress AndroidDomInspection --&amp;gt;&lt;/span&gt;
    &lt;span style=&#34;color: #062873; font-weight: bold&#34;&gt;&amp;lt;ImageView&lt;/span&gt;
        &lt;span style=&#34;color: #4070a0&#34;&gt;android:id=&amp;quot;@+id/item_icon&amp;quot;&lt;/span&gt;
        &lt;span style=&#34;color: #4070a0&#34;&gt;android:layout_width=&amp;quot;?android:listPreferredItemHeight&amp;quot;&lt;/span&gt;
        &lt;span style=&#34;color: #4070a0&#34;&gt;android:layout_height=&amp;quot;?android:listPreferredItemHeight&amp;quot;&lt;/span&gt;
        &lt;span style=&#34;color: #4070a0&#34;&gt;android:adjustViewBounds=&amp;quot;true&amp;quot;&lt;/span&gt;
        &lt;span style=&#34;color: #4070a0&#34;&gt;android:scaleType=&amp;quot;fitCenter&amp;quot;&lt;/span&gt;
        &lt;span style=&#34;color: #4070a0&#34;&gt;android:src=&amp;quot;@drawable/nnf_ic_file_folder&amp;quot;&lt;/span&gt;
        &lt;span style=&#34;color: #4070a0&#34;&gt;android:tint=&amp;quot;?attr/colorAccent&amp;quot;&lt;/span&gt;
        &lt;span style=&#34;color: #4070a0&#34;&gt;android:visibility=&amp;quot;visible&amp;quot;&lt;/span&gt;
        &lt;span style=&#34;color: #4070a0&#34;&gt;tools:ignore=&amp;quot;ContentDescription&amp;quot;&lt;/span&gt; &lt;span style=&#34;color: #062873; font-weight: bold&#34;&gt;/&amp;gt;&lt;/span&gt;

    &lt;span style=&#34;color: #062873; font-weight: bold&#34;&gt;&amp;lt;TextView&lt;/span&gt;
        &lt;span style=&#34;color: #4070a0&#34;&gt;android:id=&amp;quot;@android:id/text1&amp;quot;&lt;/span&gt;
        &lt;span style=&#34;color: #4070a0&#34;&gt;style=&amp;quot;?android:textAppearanceLarge&amp;quot;&lt;/span&gt;
        &lt;span style=&#34;color: #4070a0&#34;&gt;android:layout_width=&amp;quot;0dp&amp;quot;&lt;/span&gt;
        &lt;span style=&#34;color: #4070a0&#34;&gt;android:layout_height=&amp;quot;wrap_content&amp;quot;&lt;/span&gt;
        &lt;span style=&#34;color: #4070a0&#34;&gt;android:minHeight=&amp;quot;?android:listPreferredItemHeight&amp;quot;&lt;/span&gt;
        &lt;span style=&#34;color: #4070a0&#34;&gt;android:layout_weight=&amp;quot;1&amp;quot;&lt;/span&gt;
        &lt;span style=&#34;color: #4070a0&#34;&gt;android:ellipsize=&amp;quot;end&amp;quot;&lt;/span&gt;
        &lt;span style=&#34;color: #4070a0&#34;&gt;android:gravity=&amp;quot;center_vertical&amp;quot;&lt;/span&gt;
        &lt;span style=&#34;color: #4070a0&#34;&gt;android:maxLines=&amp;quot;4&amp;quot;&lt;/span&gt;
        &lt;span style=&#34;color: #4070a0&#34;&gt;android:padding=&amp;quot;8dp&amp;quot;&lt;/span&gt;&lt;span style=&#34;color: #062873; font-weight: bold&#34;&gt;/&amp;gt;&lt;/span&gt;

    &lt;span style=&#34;color: #062873; font-weight: bold&#34;&gt;&amp;lt;CheckBox&lt;/span&gt;
        &lt;span style=&#34;color: #4070a0&#34;&gt;android:id=&amp;quot;@+id/checkbox&amp;quot;&lt;/span&gt;
        &lt;span style=&#34;color: #4070a0&#34;&gt;android:layout_width=&amp;quot;wrap_content&amp;quot;&lt;/span&gt;
        &lt;span style=&#34;color: #4070a0&#34;&gt;android:layout_height=&amp;quot;match_parent&amp;quot;&lt;/span&gt;
        &lt;span style=&#34;color: #4070a0&#34;&gt;android:paddingEnd=&amp;quot;8dp&amp;quot;&lt;/span&gt;
        &lt;span style=&#34;color: #4070a0&#34;&gt;android:paddingRight=&amp;quot;8dp&amp;quot;&lt;/span&gt;
        &lt;span style=&#34;color: #4070a0&#34;&gt;tools:ignore=&amp;quot;RtlSymmetry&amp;quot;&lt;/span&gt; &lt;span style=&#34;color: #062873; font-weight: bold&#34;&gt;/&amp;gt;&lt;/span&gt;

&lt;span style=&#34;color: #062873; font-weight: bold&#34;&gt;&amp;lt;/LinearLayout&amp;gt;&lt;/span&gt;
&lt;/pre&gt;&lt;/div&gt;

&lt;p&gt;&lt;strong&gt;longer_listitem_dir.xml&lt;/strong&gt;&lt;/p&gt;
&lt;div class=&#34;highlight&#34; style=&#34;background: #f0f0f0&#34;&gt;&lt;pre style=&#34;line-height: 125%&#34;&gt;&lt;span&gt;&lt;/span&gt;&lt;span style=&#34;color: #007020&#34;&gt;&amp;lt;?xml version=&amp;quot;1.0&amp;quot; encoding=&amp;quot;utf-8&amp;quot;?&amp;gt;&lt;/span&gt;
&lt;span style=&#34;color: #062873; font-weight: bold&#34;&gt;&amp;lt;LinearLayout&lt;/span&gt; &lt;span style=&#34;color: #4070a0&#34;&gt;xmlns:android=&amp;quot;http://schemas.android.com/apk/res/android&amp;quot;&lt;/span&gt;
    &lt;span style=&#34;color: #4070a0&#34;&gt;xmlns:tools=&amp;quot;http://schemas.android.com/tools&amp;quot;&lt;/span&gt;
    &lt;span style=&#34;color: #4070a0&#34;&gt;android:layout_width=&amp;quot;match_parent&amp;quot;&lt;/span&gt;
    &lt;span style=&#34;color: #4070a0&#34;&gt;android:layout_height=&amp;quot;wrap_content&amp;quot;&lt;/span&gt;
    &lt;span style=&#34;color: #4070a0&#34;&gt;android:background=&amp;quot;?android:selectableItemBackground&amp;quot;&lt;/span&gt;
    &lt;span style=&#34;color: #4070a0&#34;&gt;android:minHeight=&amp;quot;?android:listPreferredItemHeight&amp;quot;&lt;/span&gt;
    &lt;span style=&#34;color: #4070a0&#34;&gt;android:orientation=&amp;quot;horizontal&amp;quot;&lt;/span&gt;
    &lt;span style=&#34;color: #062873; font-weight: bold&#34;&gt;&amp;gt;&lt;/span&gt;

    &lt;span style=&#34;color: #60a0b0; font-style: italic&#34;&gt;&amp;lt;!--suppress AndroidDomInspection --&amp;gt;&lt;/span&gt;
    &lt;span style=&#34;color: #062873; font-weight: bold&#34;&gt;&amp;lt;ImageView&lt;/span&gt;
        &lt;span style=&#34;color: #4070a0&#34;&gt;android:id=&amp;quot;@+id/item_icon&amp;quot;&lt;/span&gt;
        &lt;span style=&#34;color: #4070a0&#34;&gt;android:layout_width=&amp;quot;?android:listPreferredItemHeight&amp;quot;&lt;/span&gt;
        &lt;span style=&#34;color: #4070a0&#34;&gt;android:layout_height=&amp;quot;?android:listPreferredItemHeight&amp;quot;&lt;/span&gt;
        &lt;span style=&#34;color: #4070a0&#34;&gt;android:adjustViewBounds=&amp;quot;true&amp;quot;&lt;/span&gt;
        &lt;span style=&#34;color: #4070a0&#34;&gt;android:scaleType=&amp;quot;center&amp;quot;&lt;/span&gt;
        &lt;span style=&#34;color: #4070a0&#34;&gt;android:src=&amp;quot;@drawable/nnf_ic_file_folder&amp;quot;&lt;/span&gt;
        &lt;span style=&#34;color: #4070a0&#34;&gt;android:tint=&amp;quot;?attr/colorAccent&amp;quot;&lt;/span&gt;
        &lt;span style=&#34;color: #4070a0&#34;&gt;android:visibility=&amp;quot;visible&amp;quot;&lt;/span&gt;
        &lt;span style=&#34;color: #4070a0&#34;&gt;tools:ignore=&amp;quot;ContentDescription&amp;quot;&lt;/span&gt; &lt;span style=&#34;color: #062873; font-weight: bold&#34;&gt;/&amp;gt;&lt;/span&gt;

    &lt;span style=&#34;color: #062873; font-weight: bold&#34;&gt;&amp;lt;TextView&lt;/span&gt;
        &lt;span style=&#34;color: #4070a0&#34;&gt;android:id=&amp;quot;@android:id/text1&amp;quot;&lt;/span&gt;
        &lt;span style=&#34;color: #4070a0&#34;&gt;style=&amp;quot;?android:textAppearanceLarge&amp;quot;&lt;/span&gt;
        &lt;span style=&#34;color: #4070a0&#34;&gt;android:layout_width=&amp;quot;0dp&amp;quot;&lt;/span&gt;
        &lt;span style=&#34;color: #4070a0&#34;&gt;android:layout_height=&amp;quot;wrap_content&amp;quot;&lt;/span&gt;
        &lt;span style=&#34;color: #4070a0&#34;&gt;android:minHeight=&amp;quot;?android:listPreferredItemHeight&amp;quot;&lt;/span&gt;
        &lt;span style=&#34;color: #4070a0&#34;&gt;android:layout_weight=&amp;quot;1&amp;quot;&lt;/span&gt;
        &lt;span style=&#34;color: #4070a0&#34;&gt;android:ellipsize=&amp;quot;end&amp;quot;&lt;/span&gt;
        &lt;span style=&#34;color: #4070a0&#34;&gt;android:gravity=&amp;quot;center_vertical&amp;quot;&lt;/span&gt;
        &lt;span style=&#34;color: #4070a0&#34;&gt;android:maxLines=&amp;quot;4&amp;quot;&lt;/span&gt;
        &lt;span style=&#34;color: #4070a0&#34;&gt;android:padding=&amp;quot;8dp&amp;quot;&lt;/span&gt;&lt;span style=&#34;color: #062873; font-weight: bold&#34;&gt;/&amp;gt;&lt;/span&gt;
&lt;span style=&#34;color: #062873; font-weight: bold&#34;&gt;&amp;lt;/LinearLayout&amp;gt;&lt;/span&gt;
&lt;/pre&gt;&lt;/div&gt;

&lt;p&gt;Note that I defined the TextViews to have a maximum of 4 lines (actual number is up to you), and a minimum height of &lt;code&gt;android:listPreferredItemHeight&lt;/code&gt; (this I recommend, otherwise it looks wonky and off-center). And just be clear, the &lt;em&gt;ids&lt;/em&gt; of these fields must be &lt;code&gt;@+id/item_icon&lt;/code&gt;, &lt;code&gt;@android:id/text1&lt;/code&gt;, and &lt;code&gt;@+id/checkbox&lt;/code&gt;, or the code WILL crash on you.&lt;/p&gt;

&lt;h3 id=&#34;code&#34;&gt;Code&lt;/h3&gt;

&lt;p&gt;To use the new layouts, you need to override the &lt;code&gt;onCreateViewHolder&lt;/code&gt; method in
&lt;a href=&#34;https://github.com/spacecowboy/NoNonsense-FilePicker/blob/master/library/src/main/java/com/nononsenseapps/filepicker/AbstractFilePickerFragment.java&#34;&gt;AbstractFilePickerFragment&lt;/a&gt;.&lt;/p&gt;

&lt;p&gt;Since this example will be browsing the SD-card, I will extend from the built-in FilePickerFragment.&lt;/p&gt;
&lt;div class=&#34;highlight&#34; style=&#34;background: #f0f0f0&#34;&gt;&lt;pre style=&#34;line-height: 125%&#34;&gt;&lt;span&gt;&lt;/span&gt;&lt;span style=&#34;color: #007020; font-weight: bold&#34;&gt;public&lt;/span&gt; &lt;span style=&#34;color: #007020; font-weight: bold&#34;&gt;class&lt;/span&gt; &lt;span style=&#34;color: #0e84b5; font-weight: bold&#34;&gt;CustomLayoutFilePickerFragment&lt;/span&gt; &lt;span style=&#34;color: #007020; font-weight: bold&#34;&gt;extends&lt;/span&gt; FilePickerFragment &lt;span style=&#34;color: #666666&#34;&gt;{&lt;/span&gt;
    &lt;span style=&#34;color: #60a0b0; font-style: italic&#34;&gt;/**&lt;/span&gt;
&lt;span style=&#34;color: #60a0b0; font-style: italic&#34;&gt;     * @param parent Containing view&lt;/span&gt;
&lt;span style=&#34;color: #60a0b0; font-style: italic&#34;&gt;     * @param viewType which the ViewHolder will contain. Will be one of:&lt;/span&gt;
&lt;span style=&#34;color: #60a0b0; font-style: italic&#34;&gt;     * [VIEWTYPE_HEADER, VIEWTYPE_CHECKABLE, VIEWTYPE_DIR]. It is OK, and even expected, to use the same&lt;/span&gt;
&lt;span style=&#34;color: #60a0b0; font-style: italic&#34;&gt;     * layout for VIEWTYPE_HEADER and VIEWTYPE_DIR.&lt;/span&gt;
&lt;span style=&#34;color: #60a0b0; font-style: italic&#34;&gt;     * @return a view holder for a file or directory (the difference is presence of checkbox).&lt;/span&gt;
&lt;span style=&#34;color: #60a0b0; font-style: italic&#34;&gt;     */&lt;/span&gt;
    &lt;span style=&#34;color: #555555; font-weight: bold&#34;&gt;@Override&lt;/span&gt;
    &lt;span style=&#34;color: #007020; font-weight: bold&#34;&gt;public&lt;/span&gt; RecyclerView&lt;span style=&#34;color: #666666&#34;&gt;.&lt;/span&gt;&lt;span style=&#34;color: #4070a0&#34;&gt;ViewHolder&lt;/span&gt; &lt;span style=&#34;color: #06287e&#34;&gt;onCreateViewHolder&lt;/span&gt;&lt;span style=&#34;color: #666666&#34;&gt;(&lt;/span&gt;ViewGroup parent&lt;span style=&#34;color: #666666&#34;&gt;,&lt;/span&gt; &lt;span style=&#34;color: #902000&#34;&gt;int&lt;/span&gt; viewType&lt;span style=&#34;color: #666666&#34;&gt;)&lt;/span&gt; &lt;span style=&#34;color: #666666&#34;&gt;{&lt;/span&gt;
        View v&lt;span style=&#34;color: #666666&#34;&gt;;&lt;/span&gt;
        &lt;span style=&#34;color: #007020; font-weight: bold&#34;&gt;switch&lt;/span&gt; &lt;span style=&#34;color: #666666&#34;&gt;(&lt;/span&gt;viewType&lt;span style=&#34;color: #666666&#34;&gt;)&lt;/span&gt; &lt;span style=&#34;color: #666666&#34;&gt;{&lt;/span&gt;
            &lt;span style=&#34;color: #007020; font-weight: bold&#34;&gt;case&lt;/span&gt; LogicHandler&lt;span style=&#34;color: #666666&#34;&gt;.&lt;/span&gt;&lt;span style=&#34;color: #4070a0&#34;&gt;VIEWTYPE_HEADER&lt;/span&gt;&lt;span style=&#34;color: #666666&#34;&gt;:&lt;/span&gt;
                v &lt;span style=&#34;color: #666666&#34;&gt;=&lt;/span&gt; LayoutInflater&lt;span style=&#34;color: #666666&#34;&gt;.&lt;/span&gt;&lt;span style=&#34;color: #4070a0&#34;&gt;from&lt;/span&gt;&lt;span style=&#34;color: #666666&#34;&gt;(&lt;/span&gt;getActivity&lt;span style=&#34;color: #666666&#34;&gt;()).&lt;/span&gt;&lt;span style=&#34;color: #4070a0&#34;&gt;inflate&lt;/span&gt;&lt;span style=&#34;color: #666666&#34;&gt;(&lt;/span&gt;R&lt;span style=&#34;color: #666666&#34;&gt;.&lt;/span&gt;&lt;span style=&#34;color: #4070a0&#34;&gt;layout&lt;/span&gt;&lt;span style=&#34;color: #666666&#34;&gt;.&lt;/span&gt;&lt;span style=&#34;color: #4070a0&#34;&gt;longer_listitem_dir&lt;/span&gt;&lt;span style=&#34;color: #666666&#34;&gt;,&lt;/span&gt;
                        parent&lt;span style=&#34;color: #666666&#34;&gt;,&lt;/span&gt; &lt;span style=&#34;color: #007020; font-weight: bold&#34;&gt;false&lt;/span&gt;&lt;span style=&#34;color: #666666&#34;&gt;);&lt;/span&gt;
                &lt;span style=&#34;color: #007020; font-weight: bold&#34;&gt;return&lt;/span&gt; &lt;span style=&#34;color: #007020; font-weight: bold&#34;&gt;new&lt;/span&gt; HeaderViewHolder&lt;span style=&#34;color: #666666&#34;&gt;(&lt;/span&gt;v&lt;span style=&#34;color: #666666&#34;&gt;);&lt;/span&gt;
            &lt;span style=&#34;color: #007020; font-weight: bold&#34;&gt;case&lt;/span&gt; LogicHandler&lt;span style=&#34;color: #666666&#34;&gt;.&lt;/span&gt;&lt;span style=&#34;color: #4070a0&#34;&gt;VIEWTYPE_CHECKABLE&lt;/span&gt;&lt;span style=&#34;color: #666666&#34;&gt;:&lt;/span&gt;
                v &lt;span style=&#34;color: #666666&#34;&gt;=&lt;/span&gt; LayoutInflater&lt;span style=&#34;color: #666666&#34;&gt;.&lt;/span&gt;&lt;span style=&#34;color: #4070a0&#34;&gt;from&lt;/span&gt;&lt;span style=&#34;color: #666666&#34;&gt;(&lt;/span&gt;getActivity&lt;span style=&#34;color: #666666&#34;&gt;()).&lt;/span&gt;&lt;span style=&#34;color: #4070a0&#34;&gt;inflate&lt;/span&gt;&lt;span style=&#34;color: #666666&#34;&gt;(&lt;/span&gt;R&lt;span style=&#34;color: #666666&#34;&gt;.&lt;/span&gt;&lt;span style=&#34;color: #4070a0&#34;&gt;layout&lt;/span&gt;&lt;span style=&#34;color: #666666&#34;&gt;.&lt;/span&gt;&lt;span style=&#34;color: #4070a0&#34;&gt;longer_listitem_checkable&lt;/span&gt;&lt;span style=&#34;color: #666666&#34;&gt;,&lt;/span&gt;
                        parent&lt;span style=&#34;color: #666666&#34;&gt;,&lt;/span&gt; &lt;span style=&#34;color: #007020; font-weight: bold&#34;&gt;false&lt;/span&gt;&lt;span style=&#34;color: #666666&#34;&gt;);&lt;/span&gt;
                &lt;span style=&#34;color: #007020; font-weight: bold&#34;&gt;return&lt;/span&gt; &lt;span style=&#34;color: #007020; font-weight: bold&#34;&gt;new&lt;/span&gt; CheckableViewHolder&lt;span style=&#34;color: #666666&#34;&gt;(&lt;/span&gt;v&lt;span style=&#34;color: #666666&#34;&gt;);&lt;/span&gt;
            &lt;span style=&#34;color: #007020; font-weight: bold&#34;&gt;case&lt;/span&gt; LogicHandler&lt;span style=&#34;color: #666666&#34;&gt;.&lt;/span&gt;&lt;span style=&#34;color: #4070a0&#34;&gt;VIEWTYPE_DIR&lt;/span&gt;&lt;span style=&#34;color: #666666&#34;&gt;:&lt;/span&gt;
            &lt;span style=&#34;color: #007020; font-weight: bold&#34;&gt;default&lt;/span&gt;&lt;span style=&#34;color: #666666&#34;&gt;:&lt;/span&gt;
                v &lt;span style=&#34;color: #666666&#34;&gt;=&lt;/span&gt; LayoutInflater&lt;span style=&#34;color: #666666&#34;&gt;.&lt;/span&gt;&lt;span style=&#34;color: #4070a0&#34;&gt;from&lt;/span&gt;&lt;span style=&#34;color: #666666&#34;&gt;(&lt;/span&gt;getActivity&lt;span style=&#34;color: #666666&#34;&gt;()).&lt;/span&gt;&lt;span style=&#34;color: #4070a0&#34;&gt;inflate&lt;/span&gt;&lt;span style=&#34;color: #666666&#34;&gt;(&lt;/span&gt;R&lt;span style=&#34;color: #666666&#34;&gt;.&lt;/span&gt;&lt;span style=&#34;color: #4070a0&#34;&gt;layout&lt;/span&gt;&lt;span style=&#34;color: #666666&#34;&gt;.&lt;/span&gt;&lt;span style=&#34;color: #4070a0&#34;&gt;longer_listitem_dir&lt;/span&gt;&lt;span style=&#34;color: #666666&#34;&gt;,&lt;/span&gt;
                        parent&lt;span style=&#34;color: #666666&#34;&gt;,&lt;/span&gt; &lt;span style=&#34;color: #007020; font-weight: bold&#34;&gt;false&lt;/span&gt;&lt;span style=&#34;color: #666666&#34;&gt;);&lt;/span&gt;
                &lt;span style=&#34;color: #007020; font-weight: bold&#34;&gt;return&lt;/span&gt; &lt;span style=&#34;color: #007020; font-weight: bold&#34;&gt;new&lt;/span&gt; DirViewHolder&lt;span style=&#34;color: #666666&#34;&gt;(&lt;/span&gt;v&lt;span style=&#34;color: #666666&#34;&gt;);&lt;/span&gt;
        &lt;span style=&#34;color: #666666&#34;&gt;}&lt;/span&gt;
    &lt;span style=&#34;color: #666666&#34;&gt;}&lt;/span&gt;
&lt;span style=&#34;color: #666666&#34;&gt;}&lt;/span&gt;
&lt;/pre&gt;&lt;/div&gt;

&lt;p&gt;And as always, to use your custom fragment you need a custom activity which loads it for you:&lt;/p&gt;
&lt;div class=&#34;highlight&#34; style=&#34;background: #f0f0f0&#34;&gt;&lt;pre style=&#34;line-height: 125%&#34;&gt;&lt;span&gt;&lt;/span&gt;&lt;span style=&#34;color: #007020; font-weight: bold&#34;&gt;public&lt;/span&gt; &lt;span style=&#34;color: #007020; font-weight: bold&#34;&gt;class&lt;/span&gt; &lt;span style=&#34;color: #0e84b5; font-weight: bold&#34;&gt;CustomLayoutPickerActivity&lt;/span&gt; &lt;span style=&#34;color: #007020; font-weight: bold&#34;&gt;extends&lt;/span&gt; AbstractFilePickerActivity &lt;span style=&#34;color: #666666&#34;&gt;{&lt;/span&gt;

    &lt;span style=&#34;color: #007020; font-weight: bold&#34;&gt;public&lt;/span&gt; &lt;span style=&#34;color: #06287e&#34;&gt;CustomLayoutPickerActivity&lt;/span&gt;&lt;span style=&#34;color: #666666&#34;&gt;()&lt;/span&gt; &lt;span style=&#34;color: #666666&#34;&gt;{&lt;/span&gt;
        &lt;span style=&#34;color: #007020; font-weight: bold&#34;&gt;super&lt;/span&gt;&lt;span style=&#34;color: #666666&#34;&gt;();&lt;/span&gt;
    &lt;span style=&#34;color: #666666&#34;&gt;}&lt;/span&gt;

    &lt;span style=&#34;color: #555555; font-weight: bold&#34;&gt;@Override&lt;/span&gt;
    &lt;span style=&#34;color: #007020; font-weight: bold&#34;&gt;protected&lt;/span&gt; AbstractFilePickerFragment&lt;span style=&#34;color: #666666&#34;&gt;&amp;lt;&lt;/span&gt;File&lt;span style=&#34;color: #666666&#34;&gt;&amp;gt;&lt;/span&gt; &lt;span style=&#34;color: #06287e&#34;&gt;getFragment&lt;/span&gt;&lt;span style=&#34;color: #666666&#34;&gt;(&lt;/span&gt;
            &lt;span style=&#34;color: #007020; font-weight: bold&#34;&gt;final&lt;/span&gt; String startPath&lt;span style=&#34;color: #666666&#34;&gt;,&lt;/span&gt; &lt;span style=&#34;color: #007020; font-weight: bold&#34;&gt;final&lt;/span&gt; &lt;span style=&#34;color: #902000&#34;&gt;int&lt;/span&gt; mode&lt;span style=&#34;color: #666666&#34;&gt;,&lt;/span&gt; &lt;span style=&#34;color: #007020; font-weight: bold&#34;&gt;final&lt;/span&gt; &lt;span style=&#34;color: #902000&#34;&gt;boolean&lt;/span&gt; allowMultiple&lt;span style=&#34;color: #666666&#34;&gt;,&lt;/span&gt;
            &lt;span style=&#34;color: #007020; font-weight: bold&#34;&gt;final&lt;/span&gt; &lt;span style=&#34;color: #902000&#34;&gt;boolean&lt;/span&gt; allowCreateDir&lt;span style=&#34;color: #666666&#34;&gt;)&lt;/span&gt; &lt;span style=&#34;color: #666666&#34;&gt;{&lt;/span&gt;
        &lt;span style=&#34;color: #60a0b0; font-style: italic&#34;&gt;// Load our custom fragment here&lt;/span&gt;
        AbstractFilePickerFragment&lt;span style=&#34;color: #666666&#34;&gt;&amp;lt;&lt;/span&gt;File&lt;span style=&#34;color: #666666&#34;&gt;&amp;gt;&lt;/span&gt; fragment &lt;span style=&#34;color: #666666&#34;&gt;=&lt;/span&gt; &lt;span style=&#34;color: #007020; font-weight: bold&#34;&gt;new&lt;/span&gt; CustomLayoutFilePickerFragment&lt;span style=&#34;color: #666666&#34;&gt;();&lt;/span&gt;
        &lt;span style=&#34;color: #60a0b0; font-style: italic&#34;&gt;// startPath is allowed to be null. In that case, default folder should be SD-card and not &amp;quot;/&amp;quot;&lt;/span&gt;
        fragment&lt;span style=&#34;color: #666666&#34;&gt;.&lt;/span&gt;&lt;span style=&#34;color: #4070a0&#34;&gt;setArgs&lt;/span&gt;&lt;span style=&#34;color: #666666&#34;&gt;(&lt;/span&gt;startPath &lt;span style=&#34;color: #666666&#34;&gt;!=&lt;/span&gt; &lt;span style=&#34;color: #007020; font-weight: bold&#34;&gt;null&lt;/span&gt; &lt;span style=&#34;color: #666666&#34;&gt;?&lt;/span&gt; startPath &lt;span style=&#34;color: #666666&#34;&gt;:&lt;/span&gt; Environment&lt;span style=&#34;color: #666666&#34;&gt;.&lt;/span&gt;&lt;span style=&#34;color: #4070a0&#34;&gt;getExternalStorageDirectory&lt;/span&gt;&lt;span style=&#34;color: #666666&#34;&gt;().&lt;/span&gt;&lt;span style=&#34;color: #4070a0&#34;&gt;getPath&lt;/span&gt;&lt;span style=&#34;color: #666666&#34;&gt;(),&lt;/span&gt;
                mode&lt;span style=&#34;color: #666666&#34;&gt;,&lt;/span&gt; allowMultiple&lt;span style=&#34;color: #666666&#34;&gt;,&lt;/span&gt; allowCreateDir&lt;span style=&#34;color: #666666&#34;&gt;);&lt;/span&gt;
        &lt;span style=&#34;color: #007020; font-weight: bold&#34;&gt;return&lt;/span&gt; fragment&lt;span style=&#34;color: #666666&#34;&gt;;&lt;/span&gt;
    &lt;span style=&#34;color: #666666&#34;&gt;}&lt;/span&gt;
&lt;span style=&#34;color: #666666&#34;&gt;}&lt;/span&gt;
&lt;/pre&gt;&lt;/div&gt;
</description>
    </item>
    
    <item>
      <title>Change the sort order</title>
      <link>http://spacecowboy.github.io/NoNonsense-FilePicker/example/sortorder/</link>
      <pubDate>Sat, 16 Jul 2016 17:10:46 +0200</pubDate>
      
      <guid>http://spacecowboy.github.io/NoNonsense-FilePicker/example/sortorder/</guid>
      <description>

&lt;p&gt;By default, the SD-card picker will display all files in alphabetical order. But what if you want a different sort-order?&lt;/p&gt;

&lt;p&gt;You can override the sorting by overriding the &lt;code&gt;compareFiles&lt;/code&gt;-method:&lt;/p&gt;
&lt;div class=&#34;highlight&#34; style=&#34;background: #f0f0f0&#34;&gt;&lt;pre style=&#34;line-height: 125%&#34;&gt;&lt;span&gt;&lt;/span&gt;    &lt;span style=&#34;color: #555555; font-weight: bold&#34;&gt;@Override&lt;/span&gt;
    &lt;span style=&#34;color: #007020; font-weight: bold&#34;&gt;protected&lt;/span&gt; &lt;span style=&#34;color: #902000&#34;&gt;int&lt;/span&gt; &lt;span style=&#34;color: #06287e&#34;&gt;compareFiles&lt;/span&gt;&lt;span style=&#34;color: #666666&#34;&gt;(&lt;/span&gt;File lhs&lt;span style=&#34;color: #666666&#34;&gt;,&lt;/span&gt; File rhs&lt;span style=&#34;color: #666666&#34;&gt;)&lt;/span&gt; &lt;span style=&#34;color: #666666&#34;&gt;{&lt;/span&gt;
        &lt;span style=&#34;color: #007020; font-weight: bold&#34;&gt;if&lt;/span&gt; &lt;span style=&#34;color: #666666&#34;&gt;(&lt;/span&gt;lhs&lt;span style=&#34;color: #666666&#34;&gt;.&lt;/span&gt;&lt;span style=&#34;color: #4070a0&#34;&gt;isDirectory&lt;/span&gt;&lt;span style=&#34;color: #666666&#34;&gt;()&lt;/span&gt; &lt;span style=&#34;color: #666666&#34;&gt;&amp;amp;&amp;amp;&lt;/span&gt; &lt;span style=&#34;color: #666666&#34;&gt;!&lt;/span&gt;rhs&lt;span style=&#34;color: #666666&#34;&gt;.&lt;/span&gt;&lt;span style=&#34;color: #4070a0&#34;&gt;isDirectory&lt;/span&gt;&lt;span style=&#34;color: #666666&#34;&gt;())&lt;/span&gt; &lt;span style=&#34;color: #666666&#34;&gt;{&lt;/span&gt;
            &lt;span style=&#34;color: #007020; font-weight: bold&#34;&gt;return&lt;/span&gt; &lt;span style=&#34;color: #666666&#34;&gt;-&lt;/span&gt;&lt;span style=&#34;color: #40a070&#34;&gt;1&lt;/span&gt;&lt;span style=&#34;color: #666666&#34;&gt;;&lt;/span&gt;
        &lt;span style=&#34;color: #666666&#34;&gt;}&lt;/span&gt; &lt;span style=&#34;color: #007020; font-weight: bold&#34;&gt;else&lt;/span&gt; &lt;span style=&#34;color: #007020; font-weight: bold&#34;&gt;if&lt;/span&gt; &lt;span style=&#34;color: #666666&#34;&gt;(&lt;/span&gt;rhs&lt;span style=&#34;color: #666666&#34;&gt;.&lt;/span&gt;&lt;span style=&#34;color: #4070a0&#34;&gt;isDirectory&lt;/span&gt;&lt;span style=&#34;color: #666666&#34;&gt;()&lt;/span&gt; &lt;span style=&#34;color: #666666&#34;&gt;&amp;amp;&amp;amp;&lt;/span&gt; &lt;span style=&#34;color: #666666&#34;&gt;!&lt;/span&gt;lhs&lt;span style=&#34;color: #666666&#34;&gt;.&lt;/span&gt;&lt;span style=&#34;color: #4070a0&#34;&gt;isDirectory&lt;/span&gt;&lt;span style=&#34;color: #666666&#34;&gt;())&lt;/span&gt; &lt;span style=&#34;color: #666666&#34;&gt;{&lt;/span&gt;
            &lt;span style=&#34;color: #007020; font-weight: bold&#34;&gt;return&lt;/span&gt; &lt;span style=&#34;color: #40a070&#34;&gt;1&lt;/span&gt;&lt;span style=&#34;color: #666666&#34;&gt;;&lt;/span&gt;
        &lt;span style=&#34;color: #666666&#34;&gt;}&lt;/span&gt;
        &lt;span style=&#34;color: #60a0b0; font-style: italic&#34;&gt;// This was the previous behaviour for all file-file comparisons. Now it&amp;#39;s&lt;/span&gt;
        &lt;span style=&#34;color: #60a0b0; font-style: italic&#34;&gt;// only done if the files have the same extension, or no extension.&lt;/span&gt;
        &lt;span style=&#34;color: #007020; font-weight: bold&#34;&gt;else&lt;/span&gt; &lt;span style=&#34;color: #007020; font-weight: bold&#34;&gt;if&lt;/span&gt; &lt;span style=&#34;color: #666666&#34;&gt;(&lt;/span&gt;getExtension&lt;span style=&#34;color: #666666&#34;&gt;(&lt;/span&gt;lhs&lt;span style=&#34;color: #666666&#34;&gt;)&lt;/span&gt; &lt;span style=&#34;color: #666666&#34;&gt;!=&lt;/span&gt; &lt;span style=&#34;color: #007020; font-weight: bold&#34;&gt;null&lt;/span&gt; &lt;span style=&#34;color: #666666&#34;&gt;&amp;amp;&amp;amp;&lt;/span&gt; getExtension&lt;span style=&#34;color: #666666&#34;&gt;(&lt;/span&gt;lhs&lt;span style=&#34;color: #666666&#34;&gt;).&lt;/span&gt;&lt;span style=&#34;color: #4070a0&#34;&gt;equalsIgnoreCase&lt;/span&gt;&lt;span style=&#34;color: #666666&#34;&gt;(&lt;/span&gt;getExtension&lt;span style=&#34;color: #666666&#34;&gt;(&lt;/span&gt;rhs&lt;span style=&#34;color: #666666&#34;&gt;))&lt;/span&gt; &lt;span style=&#34;color: #666666&#34;&gt;||&lt;/span&gt;
                getExtension&lt;span style=&#34;color: #666666&#34;&gt;(&lt;/span&gt;lhs&lt;span style=&#34;color: #666666&#34;&gt;)&lt;/span&gt; &lt;span style=&#34;color: #666666&#34;&gt;==&lt;/span&gt; &lt;span style=&#34;color: #007020; font-weight: bold&#34;&gt;null&lt;/span&gt; &lt;span style=&#34;color: #666666&#34;&gt;&amp;amp;&amp;amp;&lt;/span&gt; getExtension&lt;span style=&#34;color: #666666&#34;&gt;(&lt;/span&gt;rhs&lt;span style=&#34;color: #666666&#34;&gt;)&lt;/span&gt; &lt;span style=&#34;color: #666666&#34;&gt;==&lt;/span&gt; &lt;span style=&#34;color: #007020; font-weight: bold&#34;&gt;null&lt;/span&gt;&lt;span style=&#34;color: #666666&#34;&gt;)&lt;/span&gt; &lt;span style=&#34;color: #666666&#34;&gt;{&lt;/span&gt;
            &lt;span style=&#34;color: #007020; font-weight: bold&#34;&gt;return&lt;/span&gt; lhs&lt;span style=&#34;color: #666666&#34;&gt;.&lt;/span&gt;&lt;span style=&#34;color: #4070a0&#34;&gt;getName&lt;/span&gt;&lt;span style=&#34;color: #666666&#34;&gt;().&lt;/span&gt;&lt;span style=&#34;color: #4070a0&#34;&gt;compareToIgnoreCase&lt;/span&gt;&lt;span style=&#34;color: #666666&#34;&gt;(&lt;/span&gt;rhs&lt;span style=&#34;color: #666666&#34;&gt;.&lt;/span&gt;&lt;span style=&#34;color: #4070a0&#34;&gt;getName&lt;/span&gt;&lt;span style=&#34;color: #666666&#34;&gt;());&lt;/span&gt;
        &lt;span style=&#34;color: #666666&#34;&gt;}&lt;/span&gt;
        &lt;span style=&#34;color: #60a0b0; font-style: italic&#34;&gt;// Otherwise, we sort on extension placing files with no extension last.&lt;/span&gt;
        &lt;span style=&#34;color: #007020; font-weight: bold&#34;&gt;else&lt;/span&gt; &lt;span style=&#34;color: #007020; font-weight: bold&#34;&gt;if&lt;/span&gt; &lt;span style=&#34;color: #666666&#34;&gt;(&lt;/span&gt;getExtension&lt;span style=&#34;color: #666666&#34;&gt;(&lt;/span&gt;lhs&lt;span style=&#34;color: #666666&#34;&gt;)&lt;/span&gt; &lt;span style=&#34;color: #666666&#34;&gt;!=&lt;/span&gt; &lt;span style=&#34;color: #007020; font-weight: bold&#34;&gt;null&lt;/span&gt; &lt;span style=&#34;color: #666666&#34;&gt;&amp;amp;&amp;amp;&lt;/span&gt; getExtension&lt;span style=&#34;color: #666666&#34;&gt;(&lt;/span&gt;rhs&lt;span style=&#34;color: #666666&#34;&gt;)&lt;/span&gt; &lt;span style=&#34;color: #666666&#34;&gt;!=&lt;/span&gt; &lt;span style=&#34;color: #007020; font-weight: bold&#34;&gt;null&lt;/span&gt;&lt;span style=&#34;color: #666666&#34;&gt;)&lt;/span&gt; &lt;span style=&#34;color: #666666&#34;&gt;{&lt;/span&gt;
            &lt;span style=&#34;color: #60a0b0; font-style: italic&#34;&gt;// Both have extension, just compare extensions&lt;/span&gt;
            &lt;span style=&#34;color: #007020; font-weight: bold&#34;&gt;return&lt;/span&gt; getExtension&lt;span style=&#34;color: #666666&#34;&gt;(&lt;/span&gt;lhs&lt;span style=&#34;color: #666666&#34;&gt;).&lt;/span&gt;&lt;span style=&#34;color: #4070a0&#34;&gt;compareToIgnoreCase&lt;/span&gt;&lt;span style=&#34;color: #666666&#34;&gt;(&lt;/span&gt;getExtension&lt;span style=&#34;color: #666666&#34;&gt;(&lt;/span&gt;rhs&lt;span style=&#34;color: #666666&#34;&gt;));&lt;/span&gt;
        &lt;span style=&#34;color: #666666&#34;&gt;}&lt;/span&gt; &lt;span style=&#34;color: #007020; font-weight: bold&#34;&gt;else&lt;/span&gt; &lt;span style=&#34;color: #007020; font-weight: bold&#34;&gt;if&lt;/span&gt; &lt;span style=&#34;color: #666666&#34;&gt;(&lt;/span&gt;getExtension&lt;span style=&#34;color: #666666&#34;&gt;(&lt;/span&gt;lhs&lt;span style=&#34;color: #666666&#34;&gt;)&lt;/span&gt; &lt;span style=&#34;color: #666666&#34;&gt;!=&lt;/span&gt; &lt;span style=&#34;color: #007020; font-weight: bold&#34;&gt;null&lt;/span&gt;&lt;span style=&#34;color: #666666&#34;&gt;)&lt;/span&gt; &lt;span style=&#34;color: #666666&#34;&gt;{&lt;/span&gt;
            &lt;span style=&#34;color: #60a0b0; font-style: italic&#34;&gt;// Left has extension, place it first&lt;/span&gt;
            &lt;span style=&#34;color: #007020; font-weight: bold&#34;&gt;return&lt;/span&gt; &lt;span style=&#34;color: #666666&#34;&gt;-&lt;/span&gt;&lt;span style=&#34;color: #40a070&#34;&gt;1&lt;/span&gt;&lt;span style=&#34;color: #666666&#34;&gt;;&lt;/span&gt;
        &lt;span style=&#34;color: #666666&#34;&gt;}&lt;/span&gt; &lt;span style=&#34;color: #007020; font-weight: bold&#34;&gt;else&lt;/span&gt; &lt;span style=&#34;color: #666666&#34;&gt;{&lt;/span&gt;
            &lt;span style=&#34;color: #60a0b0; font-style: italic&#34;&gt;// Right has extension, place it first&lt;/span&gt;
            &lt;span style=&#34;color: #007020; font-weight: bold&#34;&gt;return&lt;/span&gt; &lt;span style=&#34;color: #40a070&#34;&gt;1&lt;/span&gt;&lt;span style=&#34;color: #666666&#34;&gt;;&lt;/span&gt;
        &lt;span style=&#34;color: #666666&#34;&gt;}&lt;/span&gt;
    &lt;span style=&#34;color: #666666&#34;&gt;}&lt;/span&gt;
&lt;/pre&gt;&lt;/div&gt;

&lt;h3 id=&#34;before-and-after&#34;&gt;Before and After&lt;/h3&gt;

&lt;p&gt;&lt;img src=&#34;http://spacecowboy.github.io/NoNonsense-FilePicker/screenshots/sorting_before.png&#34; width=&#34;30%&#34; alt=&#34;Before&#34;/&gt;
&lt;img src=&#34;http://spacecowboy.github.io/NoNonsense-FilePicker/screenshots/sorting_after.png&#34; width=&#34;30%&#34; alt=&#34;After&#34;/&gt;&lt;/p&gt;

&lt;h3 id=&#34;full-fragment-code&#34;&gt;Full Fragment code&lt;/h3&gt;
&lt;div class=&#34;highlight&#34; style=&#34;background: #f0f0f0&#34;&gt;&lt;pre style=&#34;line-height: 125%&#34;&gt;&lt;span&gt;&lt;/span&gt;&lt;span style=&#34;color: #007020; font-weight: bold&#34;&gt;import&lt;/span&gt; &lt;span style=&#34;color: #0e84b5; font-weight: bold&#34;&gt;com.nononsenseapps.filepicker.FilePickerFragment&lt;/span&gt;&lt;span style=&#34;color: #666666&#34;&gt;;&lt;/span&gt;

&lt;span style=&#34;color: #007020; font-weight: bold&#34;&gt;import&lt;/span&gt; &lt;span style=&#34;color: #0e84b5; font-weight: bold&#34;&gt;java.io.File&lt;/span&gt;&lt;span style=&#34;color: #666666&#34;&gt;;&lt;/span&gt;

&lt;span style=&#34;color: #007020; font-weight: bold&#34;&gt;public&lt;/span&gt; &lt;span style=&#34;color: #007020; font-weight: bold&#34;&gt;class&lt;/span&gt; &lt;span style=&#34;color: #0e84b5; font-weight: bold&#34;&gt;SortedFilePickerFragment&lt;/span&gt; &lt;span style=&#34;color: #007020; font-weight: bold&#34;&gt;extends&lt;/span&gt; FilePickerFragment &lt;span style=&#34;color: #666666&#34;&gt;{&lt;/span&gt;

    &lt;span style=&#34;color: #60a0b0; font-style: italic&#34;&gt;/**&lt;/span&gt;
&lt;span style=&#34;color: #60a0b0; font-style: italic&#34;&gt;     *&lt;/span&gt;
&lt;span style=&#34;color: #60a0b0; font-style: italic&#34;&gt;     * @param file&lt;/span&gt;
&lt;span style=&#34;color: #60a0b0; font-style: italic&#34;&gt;     * @return The file extension. If file has no extension, it returns null.&lt;/span&gt;
&lt;span style=&#34;color: #60a0b0; font-style: italic&#34;&gt;     */&lt;/span&gt;
    &lt;span style=&#34;color: #007020; font-weight: bold&#34;&gt;private&lt;/span&gt; String &lt;span style=&#34;color: #06287e&#34;&gt;getExtension&lt;/span&gt;&lt;span style=&#34;color: #666666&#34;&gt;(&lt;/span&gt;&lt;span style=&#34;color: #555555; font-weight: bold&#34;&gt;@NonNull&lt;/span&gt; File file&lt;span style=&#34;color: #666666&#34;&gt;)&lt;/span&gt; &lt;span style=&#34;color: #666666&#34;&gt;{&lt;/span&gt;
        String path &lt;span style=&#34;color: #666666&#34;&gt;=&lt;/span&gt; file&lt;span style=&#34;color: #666666&#34;&gt;.&lt;/span&gt;&lt;span style=&#34;color: #4070a0&#34;&gt;getPath&lt;/span&gt;&lt;span style=&#34;color: #666666&#34;&gt;();&lt;/span&gt;
        &lt;span style=&#34;color: #902000&#34;&gt;int&lt;/span&gt; i &lt;span style=&#34;color: #666666&#34;&gt;=&lt;/span&gt; path&lt;span style=&#34;color: #666666&#34;&gt;.&lt;/span&gt;&lt;span style=&#34;color: #4070a0&#34;&gt;lastIndexOf&lt;/span&gt;&lt;span style=&#34;color: #666666&#34;&gt;(&lt;/span&gt;&lt;span style=&#34;color: #4070a0&#34;&gt;&amp;quot;.&amp;quot;&lt;/span&gt;&lt;span style=&#34;color: #666666&#34;&gt;);&lt;/span&gt;
        &lt;span style=&#34;color: #007020; font-weight: bold&#34;&gt;if&lt;/span&gt; &lt;span style=&#34;color: #666666&#34;&gt;(&lt;/span&gt;i &lt;span style=&#34;color: #666666&#34;&gt;&amp;lt;&lt;/span&gt; &lt;span style=&#34;color: #40a070&#34;&gt;0&lt;/span&gt;&lt;span style=&#34;color: #666666&#34;&gt;)&lt;/span&gt; &lt;span style=&#34;color: #666666&#34;&gt;{&lt;/span&gt;
            &lt;span style=&#34;color: #007020; font-weight: bold&#34;&gt;return&lt;/span&gt; &lt;span style=&#34;color: #007020; font-weight: bold&#34;&gt;null&lt;/span&gt;&lt;span style=&#34;color: #666666&#34;&gt;;&lt;/span&gt;
        &lt;span style=&#34;color: #666666&#34;&gt;}&lt;/span&gt; &lt;span style=&#34;color: #007020; font-weight: bold&#34;&gt;else&lt;/span&gt; &lt;span style=&#34;color: #666666&#34;&gt;{&lt;/span&gt;
            &lt;span style=&#34;color: #007020; font-weight: bold&#34;&gt;return&lt;/span&gt; path&lt;span style=&#34;color: #666666&#34;&gt;.&lt;/span&gt;&lt;span style=&#34;color: #4070a0&#34;&gt;substring&lt;/span&gt;&lt;span style=&#34;color: #666666&#34;&gt;(&lt;/span&gt;i&lt;span style=&#34;color: #666666&#34;&gt;);&lt;/span&gt;
        &lt;span style=&#34;color: #666666&#34;&gt;}&lt;/span&gt;
    &lt;span style=&#34;color: #666666&#34;&gt;}&lt;/span&gt;

    &lt;span style=&#34;color: #60a0b0; font-style: italic&#34;&gt;/**&lt;/span&gt;
&lt;span style=&#34;color: #60a0b0; font-style: italic&#34;&gt;     * Compare two files to determine their relative sort order. This follows the usual&lt;/span&gt;
&lt;span style=&#34;color: #60a0b0; font-style: italic&#34;&gt;     * comparison interface. Override to determine your own custom sort order.&lt;/span&gt;
&lt;span style=&#34;color: #60a0b0; font-style: italic&#34;&gt;     *&lt;/span&gt;
&lt;span style=&#34;color: #60a0b0; font-style: italic&#34;&gt;     * @param lhs File on the &amp;quot;left-hand side&amp;quot;&lt;/span&gt;
&lt;span style=&#34;color: #60a0b0; font-style: italic&#34;&gt;     * @param rhs File on the &amp;quot;right-hand side&amp;quot;&lt;/span&gt;
&lt;span style=&#34;color: #60a0b0; font-style: italic&#34;&gt;     * @return -1 if if lhs should be placed before rhs, 0 if they are equal,&lt;/span&gt;
&lt;span style=&#34;color: #60a0b0; font-style: italic&#34;&gt;     * and 1 if rhs should be placed before lhs&lt;/span&gt;
&lt;span style=&#34;color: #60a0b0; font-style: italic&#34;&gt;     */&lt;/span&gt;
    &lt;span style=&#34;color: #555555; font-weight: bold&#34;&gt;@Override&lt;/span&gt;
    &lt;span style=&#34;color: #007020; font-weight: bold&#34;&gt;protected&lt;/span&gt; &lt;span style=&#34;color: #902000&#34;&gt;int&lt;/span&gt; &lt;span style=&#34;color: #06287e&#34;&gt;compareFiles&lt;/span&gt;&lt;span style=&#34;color: #666666&#34;&gt;(&lt;/span&gt;File lhs&lt;span style=&#34;color: #666666&#34;&gt;,&lt;/span&gt; File rhs&lt;span style=&#34;color: #666666&#34;&gt;)&lt;/span&gt; &lt;span style=&#34;color: #666666&#34;&gt;{&lt;/span&gt;
        &lt;span style=&#34;color: #007020; font-weight: bold&#34;&gt;if&lt;/span&gt; &lt;span style=&#34;color: #666666&#34;&gt;(&lt;/span&gt;lhs&lt;span style=&#34;color: #666666&#34;&gt;.&lt;/span&gt;&lt;span style=&#34;color: #4070a0&#34;&gt;isDirectory&lt;/span&gt;&lt;span style=&#34;color: #666666&#34;&gt;()&lt;/span&gt; &lt;span style=&#34;color: #666666&#34;&gt;&amp;amp;&amp;amp;&lt;/span&gt; &lt;span style=&#34;color: #666666&#34;&gt;!&lt;/span&gt;rhs&lt;span style=&#34;color: #666666&#34;&gt;.&lt;/span&gt;&lt;span style=&#34;color: #4070a0&#34;&gt;isDirectory&lt;/span&gt;&lt;span style=&#34;color: #666666&#34;&gt;())&lt;/span&gt; &lt;span style=&#34;color: #666666&#34;&gt;{&lt;/span&gt;
            &lt;span style=&#34;color: #007020; font-weight: bold&#34;&gt;return&lt;/span&gt; &lt;span style=&#34;color: #666666&#34;&gt;-&lt;/span&gt;&lt;span style=&#34;color: #40a070&#34;&gt;1&lt;/span&gt;&lt;span style=&#34;color: #666666&#34;&gt;;&lt;/span&gt;
        &lt;span style=&#34;color: #666666&#34;&gt;}&lt;/span&gt; &lt;span style=&#34;color: #007020; font-weight: bold&#34;&gt;else&lt;/span&gt; &lt;span style=&#34;color: #007020; font-weight: bold&#34;&gt;if&lt;/span&gt; &lt;span style=&#34;color: #666666&#34;&gt;(&lt;/span&gt;rhs&lt;span style=&#34;color: #666666&#34;&gt;.&lt;/span&gt;&lt;span style=&#34;color: #4070a0&#34;&gt;isDirectory&lt;/span&gt;&lt;span style=&#34;color: #666666&#34;&gt;()&lt;/span&gt; &lt;span style=&#34;color: #666666&#34;&gt;&amp;amp;&amp;amp;&lt;/span&gt; &lt;span style=&#34;color: #666666&#34;&gt;!&lt;/span&gt;lhs&lt;span style=&#34;color: #666666&#34;&gt;.&lt;/span&gt;&lt;span style=&#34;color: #4070a0&#34;&gt;isDirectory&lt;/span&gt;&lt;span style=&#34;color: #666666&#34;&gt;())&lt;/span&gt; &lt;span style=&#34;color: #666666&#34;&gt;{&lt;/span&gt;
            &lt;span style=&#34;color: #007020; font-weight: bold&#34;&gt;return&lt;/span&gt; &lt;span style=&#34;color: #40a070&#34;&gt;1&lt;/span&gt;&lt;span style=&#34;color: #666666&#34;&gt;;&lt;/span&gt;
        &lt;span style=&#34;color: #666666&#34;&gt;}&lt;/span&gt;
        &lt;span style=&#34;color: #60a0b0; font-style: italic&#34;&gt;// This was the previous behaviour for all file-file comparisons. Now it&amp;#39;s&lt;/span&gt;
        &lt;span style=&#34;color: #60a0b0; font-style: italic&#34;&gt;// only done if the files have the same extension, or no extension.&lt;/span&gt;
        &lt;span style=&#34;color: #007020; font-weight: bold&#34;&gt;else&lt;/span&gt; &lt;span style=&#34;color: #007020; font-weight: bold&#34;&gt;if&lt;/span&gt; &lt;span style=&#34;color: #666666&#34;&gt;(&lt;/span&gt;getExtension&lt;span style=&#34;color: #666666&#34;&gt;(&lt;/span&gt;lhs&lt;span style=&#34;color: #666666&#34;&gt;)&lt;/span&gt; &lt;span style=&#34;color: #666666&#34;&gt;!=&lt;/span&gt; &lt;span style=&#34;color: #007020; font-weight: bold&#34;&gt;null&lt;/span&gt; &lt;span style=&#34;color: #666666&#34;&gt;&amp;amp;&amp;amp;&lt;/span&gt; getExtension&lt;span style=&#34;color: #666666&#34;&gt;(&lt;/span&gt;lhs&lt;span style=&#34;color: #666666&#34;&gt;).&lt;/span&gt;&lt;span style=&#34;color: #4070a0&#34;&gt;equalsIgnoreCase&lt;/span&gt;&lt;span style=&#34;color: #666666&#34;&gt;(&lt;/span&gt;getExtension&lt;span style=&#34;color: #666666&#34;&gt;(&lt;/span&gt;rhs&lt;span style=&#34;color: #666666&#34;&gt;))&lt;/span&gt; &lt;span style=&#34;color: #666666&#34;&gt;||&lt;/span&gt;
                getExtension&lt;span style=&#34;color: #666666&#34;&gt;(&lt;/span&gt;lhs&lt;span style=&#34;color: #666666&#34;&gt;)&lt;/span&gt; &lt;span style=&#34;color: #666666&#34;&gt;==&lt;/span&gt; &lt;span style=&#34;color: #007020; font-weight: bold&#34;&gt;null&lt;/span&gt; &lt;span style=&#34;color: #666666&#34;&gt;&amp;amp;&amp;amp;&lt;/span&gt; getExtension&lt;span style=&#34;color: #666666&#34;&gt;(&lt;/span&gt;rhs&lt;span style=&#34;color: #666666&#34;&gt;)&lt;/span&gt; &lt;span style=&#34;color: #666666&#34;&gt;==&lt;/span&gt; &lt;span style=&#34;color: #007020; font-weight: bold&#34;&gt;null&lt;/span&gt;&lt;span style=&#34;color: #666666&#34;&gt;)&lt;/span&gt; &lt;span style=&#34;color: #666666&#34;&gt;{&lt;/span&gt;
            &lt;span style=&#34;color: #007020; font-weight: bold&#34;&gt;return&lt;/span&gt; lhs&lt;span style=&#34;color: #666666&#34;&gt;.&lt;/span&gt;&lt;span style=&#34;color: #4070a0&#34;&gt;getName&lt;/span&gt;&lt;span style=&#34;color: #666666&#34;&gt;().&lt;/span&gt;&lt;span style=&#34;color: #4070a0&#34;&gt;compareToIgnoreCase&lt;/span&gt;&lt;span style=&#34;color: #666666&#34;&gt;(&lt;/span&gt;rhs&lt;span style=&#34;color: #666666&#34;&gt;.&lt;/span&gt;&lt;span style=&#34;color: #4070a0&#34;&gt;getName&lt;/span&gt;&lt;span style=&#34;color: #666666&#34;&gt;());&lt;/span&gt;
        &lt;span style=&#34;color: #666666&#34;&gt;}&lt;/span&gt;
        &lt;span style=&#34;color: #60a0b0; font-style: italic&#34;&gt;// Otherwise, we sort on extension placing files with no extension last.&lt;/span&gt;
        &lt;span style=&#34;color: #007020; font-weight: bold&#34;&gt;else&lt;/span&gt; &lt;span style=&#34;color: #007020; font-weight: bold&#34;&gt;if&lt;/span&gt; &lt;span style=&#34;color: #666666&#34;&gt;(&lt;/span&gt;getExtension&lt;span style=&#34;color: #666666&#34;&gt;(&lt;/span&gt;lhs&lt;span style=&#34;color: #666666&#34;&gt;)&lt;/span&gt; &lt;span style=&#34;color: #666666&#34;&gt;!=&lt;/span&gt; &lt;span style=&#34;color: #007020; font-weight: bold&#34;&gt;null&lt;/span&gt; &lt;span style=&#34;color: #666666&#34;&gt;&amp;amp;&amp;amp;&lt;/span&gt; getExtension&lt;span style=&#34;color: #666666&#34;&gt;(&lt;/span&gt;rhs&lt;span style=&#34;color: #666666&#34;&gt;)&lt;/span&gt; &lt;span style=&#34;color: #666666&#34;&gt;!=&lt;/span&gt; &lt;span style=&#34;color: #007020; font-weight: bold&#34;&gt;null&lt;/span&gt;&lt;span style=&#34;color: #666666&#34;&gt;)&lt;/span&gt; &lt;span style=&#34;color: #666666&#34;&gt;{&lt;/span&gt;
            &lt;span style=&#34;color: #60a0b0; font-style: italic&#34;&gt;// Both have extension, just compare extensions&lt;/span&gt;
            &lt;span style=&#34;color: #007020; font-weight: bold&#34;&gt;return&lt;/span&gt; getExtension&lt;span style=&#34;color: #666666&#34;&gt;(&lt;/span&gt;lhs&lt;span style=&#34;color: #666666&#34;&gt;).&lt;/span&gt;&lt;span style=&#34;color: #4070a0&#34;&gt;compareToIgnoreCase&lt;/span&gt;&lt;span style=&#34;color: #666666&#34;&gt;(&lt;/span&gt;getExtension&lt;span style=&#34;color: #666666&#34;&gt;(&lt;/span&gt;rhs&lt;span style=&#34;color: #666666&#34;&gt;));&lt;/span&gt;
        &lt;span style=&#34;color: #666666&#34;&gt;}&lt;/span&gt; &lt;span style=&#34;color: #007020; font-weight: bold&#34;&gt;else&lt;/span&gt; &lt;span style=&#34;color: #007020; font-weight: bold&#34;&gt;if&lt;/span&gt; &lt;span style=&#34;color: #666666&#34;&gt;(&lt;/span&gt;getExtension&lt;span style=&#34;color: #666666&#34;&gt;(&lt;/span&gt;lhs&lt;span style=&#34;color: #666666&#34;&gt;)&lt;/span&gt; &lt;span style=&#34;color: #666666&#34;&gt;!=&lt;/span&gt; &lt;span style=&#34;color: #007020; font-weight: bold&#34;&gt;null&lt;/span&gt;&lt;span style=&#34;color: #666666&#34;&gt;)&lt;/span&gt; &lt;span style=&#34;color: #666666&#34;&gt;{&lt;/span&gt;
            &lt;span style=&#34;color: #60a0b0; font-style: italic&#34;&gt;// Left has extension, place it first&lt;/span&gt;
            &lt;span style=&#34;color: #007020; font-weight: bold&#34;&gt;return&lt;/span&gt; &lt;span style=&#34;color: #666666&#34;&gt;-&lt;/span&gt;&lt;span style=&#34;color: #40a070&#34;&gt;1&lt;/span&gt;&lt;span style=&#34;color: #666666&#34;&gt;;&lt;/span&gt;
        &lt;span style=&#34;color: #666666&#34;&gt;}&lt;/span&gt; &lt;span style=&#34;color: #007020; font-weight: bold&#34;&gt;else&lt;/span&gt; &lt;span style=&#34;color: #666666&#34;&gt;{&lt;/span&gt;
            &lt;span style=&#34;color: #60a0b0; font-style: italic&#34;&gt;// Right has extension, place it first&lt;/span&gt;
            &lt;span style=&#34;color: #007020; font-weight: bold&#34;&gt;return&lt;/span&gt; &lt;span style=&#34;color: #40a070&#34;&gt;1&lt;/span&gt;&lt;span style=&#34;color: #666666&#34;&gt;;&lt;/span&gt;
        &lt;span style=&#34;color: #666666&#34;&gt;}&lt;/span&gt;
    &lt;span style=&#34;color: #666666&#34;&gt;}&lt;/span&gt;
&lt;span style=&#34;color: #666666&#34;&gt;}&lt;/span&gt;
&lt;/pre&gt;&lt;/div&gt;
</description>
    </item>
    
  </channel>
</rss>